Customer ID,Recency,Frequency,Monetary,Cluster_K5,Segment
15712.0,9,12,3472.41,2,Champions
12931.0,21,57,92347.34,1,Loyal Customers
17611.0,7,28,8321.980000000003,1,Loyal Customers
16620.0,3,6,1758.93,2,Champions
13381.0,31,12,8224.37,2,Champions
17428.0,0,45,31819.76,1,Loyal Customers
15833.0,737,1,80.4,3,At Risk
17768.0,8,7,3509.5100000000007,2,Champions
14739.0,4,25,12287.5,1,Loyal Customers
14980.0,737,1,150.68,3,At Risk
13089.0,2,203,116737.86000000007,1,Loyal Customers
15989.0,375,2,372.51,3,At Risk
17017.0,2,29,14110.609999999995,1,Loyal Customers
13208.0,59,8,1964.02,2,Champions
16139.0,18,5,1111.15,4,New / Promising
14967.0,49,6,1982.61,2,Champions
12937.0,15,9,3097.61,2,Champions
18051.0,634,7,2282.28,0,Lost / Hibernating
17631.0,1,7,998.49,4,New / Promising
14134.0,382,15,11123.350000000002,2,Champions
12978.0,385,5,2502.819999999999,0,Lost / Hibernating
16736.0,505,5,2956.56,0,Lost / Hibernating
13946.0,79,6,1876.23,2,Champions
16541.0,735,1,424.0299999999999,3,At Risk
13680.0,1,12,11435.669999999993,1,Loyal Customers
13694.0,3,143,196482.81000000003,1,Loyal Customers
13813.0,39,8,2765.47,2,Champions
16104.0,61,9,2778.6100000000006,2,Champions
15260.0,100,25,9188.23,2,Champions
14548.0,150,9,2627.49,2,Champions
13019.0,379,6,1229.95,0,Lost / Hibernating
12471.0,2,75,39832.69999999998,1,Loyal Customers
16717.0,23,14,6986.2300000000005,2,Champions
14136.0,400,5,1570.81,0,Lost / Hibernating
17371.0,17,6,658.55,4,New / Promising
15367.0,57,11,5081.33,2,Champions
12979.0,729,1,517.7000000000002,3,At Risk
15738.0,18,41,13372.97,1,Loyal Customers
14043.0,491,2,304.25,3,At Risk
17958.0,116,2,973.88,0,Lost / Hibernating
17754.0,0,13,4577.529999999999,1,Loyal Customers
14032.0,2,16,4850.269999999999,1,Loyal Customers
15672.0,725,1,45.3,3,At Risk
16749.0,591,2,4387.08,0,Lost / Hibernating
13756.0,2,23,9207.500000000002,1,Loyal Customers
14769.0,2,17,15770.229999999998,1,Loyal Customers
17402.0,4,23,5096.18,1,Loyal Customers
13225.0,3,16,16260.070000000002,1,Loyal Customers
13921.0,402,4,730.7,0,Lost / Hibernating
12609.0,78,9,3435.86,2,Champions
14198.0,18,9,1569.7299999999998,2,Champions
14532.0,236,11,3859.1799999999994,2,Champions
16304.0,694,1,381.6599999999999,3,At Risk
14256.0,260,5,2473.9900000000007,0,Lost / Hibernating
16660.0,16,7,1879.55,2,Champions
15605.0,36,9,1936.8,2,Champions
12789.0,65,3,273.35,4,New / Promising
14420.0,99,4,1639.1699999999998,0,Lost / Hibernating
16954.0,0,20,6081.880000000002,1,Loyal Customers
13555.0,73,13,8999.19,2,Champions
14207.0,687,1,157.8,3,At Risk
14431.0,302,4,2614.2000000000007,0,Lost / Hibernating
14274.0,686,1,256.6,3,At Risk
16822.0,686,1,181.39,3,At Risk
16950.0,56,10,3776.37,2,Champions
13729.0,435,3,724.73,0,Lost / Hibernating
14621.0,1,9,3000.5700000000006,2,Champions
13477.0,37,11,2834.17,2,Champions
15611.0,9,26,2997.28,1,Loyal Customers
15003.0,473,6,1060.7000000000007,0,Lost / Hibernating
12873.0,282,3,2027.3000000000004,0,Lost / Hibernating
12869.0,681,1,337.66999999999996,3,At Risk
17982.0,680,1,138.18,3,At Risk
13392.0,677,1,91.14,3,At Risk
15022.0,11,5,1186.09,4,New / Promising
14370.0,450,6,1175.78,0,Lost / Hibernating
13757.0,674,1,195.55,3,At Risk
15591.0,582,3,217.9,3,At Risk
16788.0,123,5,1948.65,0,Lost / Hibernating
12621.0,1,35,24775.80999999999,1,Loyal Customers
13242.0,112,7,699.4,0,Lost / Hibernating
16873.0,4,12,14617.39,1,Loyal Customers
14072.0,666,1,390.8500000000001,3,At Risk
13446.0,430,11,3881.8899999999994,0,Lost / Hibernating
15425.0,400,4,1944.5699999999997,0,Lost / Hibernating
15538.0,537,6,3358.4,0,Lost / Hibernating
15325.0,103,8,1602.0100000000002,2,Champions
13659.0,205,12,4894.880000000001,2,Champions
15295.0,654,1,217.2399999999999,3,At Risk
14284.0,30,3,1299.65,4,New / Promising
14006.0,115,7,2196.67,2,Champions
13771.0,64,9,5728.82,2,Champions
17534.0,53,5,1668.83,2,Champions
16037.0,269,5,1509.34,0,Lost / Hibernating
17049.0,2,19,9947.48,1,Loyal Customers
12371.0,44,5,4067.38,2,Champions
15094.0,463,2,83.0,3,At Risk
16331.0,432,6,2037.7,0,Lost / Hibernating
17236.0,12,12,1929.26,2,Champions
17065.0,637,2,194.7,3,At Risk
15994.0,54,3,1202.1799999999998,4,New / Promising
12366.0,633,1,500.24,3,At Risk
16199.0,392,7,942.75,0,Lost / Hibernating
16615.0,626,1,291.5,3,At Risk
13900.0,183,6,1610.59,0,Lost / Hibernating
16794.0,1,15,2090.91,1,Loyal Customers
13386.0,414,2,835.46,0,Lost / Hibernating
16630.0,407,1,106.8,3,At Risk
17974.0,24,6,1858.06,2,Champions
12395.0,19,15,5067.2699999999995,2,Champions
17821.0,406,1,334.62,3,At Risk
13140.0,108,5,1215.6799999999998,0,Lost / Hibernating
16054.0,145,4,2111.88,0,Lost / Hibernating
17396.0,39,13,8789.1,2,Champions
17167.0,379,3,867.1100000000001,0,Lost / Hibernating
13079.0,4,6,419.18,4,New / Promising
14618.0,9,7,1342.3200000000002,2,Champions
17894.0,71,18,2452.96,2,Champions
14746.0,406,4,593.5,0,Lost / Hibernating
15337.0,411,1,373.02,3,At Risk
16193.0,236,2,630.43,0,Lost / Hibernating
14673.0,3,7,3410.81,2,Champions
17135.0,16,10,1948.36,2,Champions
16456.0,99,13,6862.910000000002,2,Champions
12676.0,24,11,2843.09,2,Champions
15535.0,173,6,1087.8199999999997,0,Lost / Hibernating
17306.0,10,21,9782.35,1,Loyal Customers
18127.0,19,4,561.53,4,New / Promising
13597.0,400,2,396.71,3,At Risk
12413.0,66,4,999.45,0,Lost / Hibernating
17276.0,402,1,507.1399999999999,3,At Risk
16865.0,401,1,130.95,3,At Risk
12793.0,334,3,1017.33,0,Lost / Hibernating
14988.0,211,7,2066.6000000000004,0,Lost / Hibernating
15481.0,401,1,1993.3400000000004,0,Lost / Hibernating
16712.0,9,13,4259.340000000001,2,Champions
14447.0,18,6,1711.7300000000002,2,Champions
14687.0,106,3,1402.06,0,Lost / Hibernating
14001.0,45,9,4530.09,2,Champions
13646.0,399,2,326.24999999999983,3,At Risk
17691.0,358,4,780.0499999999998,0,Lost / Hibernating
12450.0,156,5,688.2,0,Lost / Hibernating
16899.0,7,8,1721.0199999999998,2,Champions
17374.0,218,3,727.1100000000001,0,Lost / Hibernating
17101.0,10,7,2507.05,2,Champions
15001.0,394,2,228.85999999999996,3,At Risk
17515.0,31,9,1617.4599999999998,2,Champions
17288.0,9,11,2499.9800000000005,2,Champions
17903.0,394,1,381.09,3,At Risk
18221.0,22,6,1424.94,2,Champions
12991.0,23,3,764.8199999999999,4,New / Promising
16399.0,19,3,640.02,4,New / Promising
15596.0,100,9,3130.0400000000004,2,Champions
18084.0,16,3,812.9300000000002,4,New / Promising
13458.0,7,16,11959.27,1,Loyal Customers
16059.0,65,12,3217.77,2,Champions
17639.0,276,6,615.1699999999998,0,Lost / Hibernating
14405.0,386,1,195.0,3,At Risk
17355.0,386,1,285.11,3,At Risk
17659.0,17,14,3834.79,2,Champions
16936.0,25,2,551.1700000000001,4,New / Promising
15846.0,385,1,107.01000000000002,3,At Risk
12858.0,383,1,177.91999999999996,3,At Risk
12724.0,5,7,2317.52,2,Champions
17921.0,64,10,2423.5,2,Champions
16239.0,56,6,1492.1999999999998,2,Champions
15730.0,65,5,1726.5800000000002,2,Champions
17598.0,381,1,409.98,3,At Risk
12961.0,379,1,211.99,3,At Risk
15404.0,375,1,257.06,3,At Risk
16355.0,375,1,416.35,3,At Risk
17090.0,4,13,3149.4799999999996,2,Champions
17468.0,10,3,194.8,4,New / Promising
15199.0,59,10,3122.4,2,Champions
13444.0,374,2,631.6800000000001,0,Lost / Hibernating
17826.0,374,1,134.59000000000003,3,At Risk
14021.0,155,7,1716.58,0,Lost / Hibernating
16473.0,164,4,470.83,0,Lost / Hibernating
13747.0,373,2,249.4,3,At Risk
17855.0,372,1,417.9399999999999,3,At Risk
12915.0,148,4,1174.75,0,Lost / Hibernating
12427.0,21,3,1129.3000000000002,4,New / Promising
13030.0,11,2,1227.2199999999998,4,New / Promising
17616.0,173,4,1060.8,0,Lost / Hibernating
16306.0,213,7,1192.82,0,Lost / Hibernating
13369.0,365,1,616.5600000000001,3,At Risk
17585.0,109,7,2093.3,2,Champions
15346.0,332,3,596.12,0,Lost / Hibernating
14185.0,331,1,197.65,3,At Risk
15626.0,74,3,1067.52,0,Lost / Hibernating
13068.0,10,2,344.0,4,New / Promising
18125.0,29,4,1142.9899999999996,4,New / Promising
16378.0,247,3,362.9500000000001,0,Lost / Hibernating
17507.0,261,2,605.5799999999999,0,Lost / Hibernating
12754.0,235,3,3010.74,0,Lost / Hibernating
12653.0,148,3,4160.83,0,Lost / Hibernating
14371.0,295,1,100.5,3,At Risk
15121.0,50,2,457.72,4,New / Promising
16072.0,288,4,4328.890000000004,0,Lost / Hibernating
14470.0,11,3,712.04,4,New / Promising
15709.0,283,2,327.84999999999997,3,At Risk
14903.0,21,5,2810.6300000000015,2,Champions
17654.0,277,1,117.54999999999998,3,At Risk
14165.0,275,1,122.54,3,At Risk
14297.0,17,4,1305.33,4,New / Promising
13899.0,16,2,388.52,4,New / Promising
14930.0,108,6,5246.630000000001,2,Champions
16808.0,99,2,288.42,3,At Risk
13121.0,269,1,283.7299999999999,3,At Risk
12955.0,1,11,4757.160000000001,1,Loyal Customers
13533.0,182,3,270.79,3,At Risk
16256.0,266,3,1629.37,0,Lost / Hibernating
14071.0,3,8,1423.9999999999995,2,Champions
12902.0,264,1,138.68,3,At Risk
16135.0,262,2,819.4499999999998,0,Lost / Hibernating
17594.0,85,4,2497.88,0,Lost / Hibernating
15528.0,254,1,229.32999999999993,3,At Risk
17781.0,159,2,188.02,3,At Risk
18263.0,25,3,1213.16,4,New / Promising
17758.0,19,12,5012.530000000001,2,Champions
18185.0,249,1,304.25,3,At Risk
16696.0,135,4,657.9,0,Lost / Hibernating
17042.0,2,5,1044.38,4,New / Promising
12580.0,246,2,1052.9,0,Lost / Hibernating
17278.0,241,2,271.24000000000007,3,At Risk
13811.0,183,2,591.75,0,Lost / Hibernating
18079.0,45,5,4242.749999999999,2,Champions
16633.0,17,6,2883.1000000000004,2,Champions
15237.0,1,4,1412.3200000000006,4,New / Promising
13376.0,99,3,1019.76,0,Lost / Hibernating
15717.0,234,5,607.0,0,Lost / Hibernating
16227.0,225,3,1027.2199999999998,0,Lost / Hibernating
15582.0,24,3,682.9100000000001,4,New / Promising
17394.0,219,1,203.86999999999995,3,At Risk
13741.0,71,3,668.4300000000001,4,New / Promising
15704.0,140,6,3817.96,2,Champions
17410.0,16,5,1214.72,4,New / Promising
13990.0,213,1,311.3,3,At Risk
16446.0,0,2,168472.5,1,Loyal Customers
13887.0,204,1,349.54999999999995,3,At Risk
13227.0,201,1,257.7,3,At Risk
12974.0,197,2,408.9500000000001,3,At Risk
16369.0,18,7,2662.7299999999996,2,Champions
15163.0,18,2,304.47,4,New / Promising
13917.0,49,2,272.03999999999996,4,New / Promising
12535.0,91,2,716.3500000000001,0,Lost / Hibernating
15098.0,182,3,39916.5,2,Champions
15334.0,156,3,348.7199999999999,0,Lost / Hibernating
16744.0,11,7,1304.7599999999995,2,Champions
15280.0,172,3,406.22,0,Lost / Hibernating
15578.0,162,1,127.1,3,At Risk
13302.0,155,2,159.2,3,At Risk
12556.0,50,2,603.7099999999998,4,New / Promising
13207.0,15,4,535.8600000000001,4,New / Promising
16762.0,19,3,1501.38,4,New / Promising
14456.0,5,9,3059.4400000000014,2,Champions
12864.0,138,2,299.57,3,At Risk
17649.0,138,3,1578.89,0,Lost / Hibernating
18099.0,127,1,168.31000000000003,3,At Risk
16902.0,116,1,1706.88,0,Lost / Hibernating
15315.0,64,2,570.5,4,New / Promising
16536.0,110,1,548.97,3,At Risk
14314.0,106,2,229.8,3,At Risk
18167.0,23,3,1384.86,4,New / Promising
13778.0,103,4,1124.49,0,Lost / Hibernating
12685.0,28,6,2863.0800000000004,2,Champions
16603.0,74,2,482.47,4,New / Promising
15782.0,9,4,4014.1,2,Champions
16959.0,87,1,117.35,3,At Risk
15103.0,31,2,703.36,4,New / Promising
15511.0,11,5,909.2299999999998,4,New / Promising
16438.0,5,5,798.3499999999999,4,New / Promising
12640.0,23,3,1174.58,4,New / Promising
14261.0,50,2,1163.4499999999998,4,New / Promising
12657.0,11,4,1643.1799999999998,4,New / Promising
16240.0,24,2,3718.8000000000006,4,New / Promising
15475.0,77,1,454.10999999999984,4,New / Promising
16169.0,8,4,1822.97,4,New / Promising
13536.0,1,7,3448.290000000001,2,Champions
16653.0,16,2,1212.6600000000003,4,New / Promising
14488.0,67,1,1064.2800000000002,4,New / Promising
13806.0,63,1,256.38,3,At Risk
15787.0,26,3,948.0499999999996,4,New / Promising
14027.0,60,1,104.82000000000002,3,At Risk
12772.0,59,1,892.4700000000004,4,New / Promising
13690.0,59,1,172.25,3,At Risk
17279.0,57,1,187.83,3,At Risk
14251.0,1,5,2879.700000000001,2,Champions
18042.0,53,2,281.15,4,New / Promising
18019.0,51,1,38.45,3,At Risk
16260.0,50,1,1035.45,4,New / Promising
13460.0,29,2,183.44,4,New / Promising
13471.0,1,4,2531.58,2,Champions
12812.0,44,1,229.63999999999993,4,New / Promising
14218.0,42,1,169.48000000000002,4,New / Promising
14416.0,22,2,490.22,4,New / Promising
16790.0,3,6,1545.6199999999997,2,Champions
17313.0,31,1,2328.8399999999997,4,New / Promising
12552.0,38,2,437.81999999999994,4,New / Promising
15692.0,28,1,191.04,4,New / Promising
17510.0,24,2,514.5600000000001,4,New / Promising
13926.0,23,1,223.85,4,New / Promising
17650.0,21,1,166.07999999999998,4,New / Promising
15274.0,4,2,716.5700000000003,4,New / Promising
13638.0,15,1,122.64,4,New / Promising
18184.0,15,1,49.8,4,New / Promising
17385.0,14,1,261.11000000000007,4,New / Promising
17806.0,11,1,546.0399999999998,4,New / Promising
13349.0,10,1,247.31999999999996,4,New / Promising
18015.0,4,1,120.03,4,New / Promising
18026.0,500,2,2074.0699999999997,0,Lost / Hibernating
15080.0,427,2,546.2500000000001,3,At Risk
14455.0,432,4,628.2099999999995,0,Lost / Hibernating
17132.0,452,2,1272.8,0,Lost / Hibernating
17482.0,487,2,778.1900000000002,0,Lost / Hibernating
16290.0,464,4,2069.300000000001,0,Lost / Hibernating
15310.0,478,1,1634.64,0,Lost / Hibernating
15824.0,453,2,890.9399999999999,0,Lost / Hibernating
12543.0,448,1,980.2500000000002,0,Lost / Hibernating
17840.0,443,1,185.72000000000008,3,At Risk
15761.0,442,1,143.05,3,At Risk
14992.0,442,1,210.49999999999997,3,At Risk
16472.0,434,2,789.5999999999999,0,Lost / Hibernating
13674.0,432,1,240.68,3,At Risk
15859.0,432,1,438.4599999999999,3,At Risk
14008.0,432,1,509.04,3,At Risk
13022.0,429,1,65.3,3,At Risk
17822.0,420,5,2179.650000000001,0,Lost / Hibernating
13852.0,610,1,187.35,3,At Risk
17240.0,596,1,130.6,3,At Risk
15474.0,595,1,163.10000000000002,3,At Risk
15954.0,589,1,187.79999999999995,3,At Risk
12503.0,584,1,1126.0,0,Lost / Hibernating
13007.0,579,1,175.25,3,At Risk
14391.0,576,1,135.60000000000002,3,At Risk
17845.0,555,4,598.1899999999999,0,Lost / Hibernating
14325.0,569,1,245.47999999999993,3,At Risk
14938.0,562,2,2322.4300000000003,0,Lost / Hibernating
14876.0,521,2,256.70000000000005,3,At Risk
16453.0,530,2,251.70999999999995,3,At Risk
16486.0,537,1,134.36,3,At Risk
12741.0,529,2,406.0700000000001,3,At Risk
12799.0,529,1,219.35,3,At Risk
14366.0,525,1,136.0,3,At Risk
13779.0,515,1,161.12999999999997,3,At Risk
18102.0,0,145,608821.6499999999,1,Loyal Customers
12533.0,627,2,1367.8899999999996,0,Lost / Hibernating
12913.0,4,13,6700.860000000001,1,Loyal Customers
17056.0,738,1,128.60000000000002,3,At Risk
15984.0,2,30,8759.32,1,Loyal Customers
17961.0,21,100,2995.540000000001,1,Loyal Customers
14799.0,51,2,338.15,4,New / Promising
13654.0,43,11,6308.0,2,Champions
16467.0,508,7,2869.1600000000003,0,Lost / Hibernating
16525.0,2,48,24582.64,1,Loyal Customers
15615.0,10,47,21373.97,1,Loyal Customers
13800.0,309,3,1679.5599999999995,0,Lost / Hibernating
17155.0,17,7,892.46,2,Champions
16779.0,2,53,33268.24000000001,1,Loyal Customers
13485.0,233,11,3019.22,2,Champions
13531.0,205,6,1738.52,0,Lost / Hibernating
15755.0,10,17,5993.120000000001,1,Loyal Customers
13408.0,1,106,51733.46199999999,1,Loyal Customers
14735.0,3,56,12240.16,1,Loyal Customers
17157.0,7,19,5151.900000000001,1,Loyal Customers
17421.0,386,3,1059.41,0,Lost / Hibernating
17850.0,372,155,56600.07999999999,1,Loyal Customers
12417.0,3,20,6816.91,1,Loyal Customers
14940.0,417,2,531.49,3,At Risk
15691.0,252,4,571.3,0,Lost / Hibernating
16556.0,66,17,8012.58,2,Champions
12540.0,19,33,22254.48999999999,1,Loyal Customers
13410.0,24,9,2201.96,2,Champions
15298.0,2,23,9459.37,1,Loyal Customers
15157.0,3,5,2654.1100000000006,2,Champions
16670.0,16,20,8030.1500000000015,1,Loyal Customers
17032.0,603,5,2916.9700000000003,0,Lost / Hibernating
17696.0,38,27,7679.589999999999,1,Loyal Customers
14030.0,18,20,8262.29,1,Loyal Customers
17165.0,284,6,1794.3200000000002,0,Lost / Hibernating
18268.0,134,6,1490.2300000000002,0,Lost / Hibernating
14298.0,8,82,91194.49,1,Loyal Customers
15503.0,362,2,267.15000000000003,3,At Risk
17172.0,78,3,956.57,0,Lost / Hibernating
17802.0,82,10,5053.12,2,Champions
14751.0,684,2,126.45000000000002,3,At Risk
12683.0,4,21,12696.779999999995,1,Loyal Customers
16409.0,36,12,5709.04,2,Champions
15534.0,725,1,162.25,3,At Risk
17623.0,32,7,2383.6699999999996,2,Champions
14042.0,725,1,431.9799999999999,3,At Risk
15867.0,5,31,9010.520000000004,1,Loyal Customers
13577.0,25,11,3489.28,2,Champions
13902.0,632,5,34095.26,0,Lost / Hibernating
17213.0,40,13,5182.299999999999,2,Champions
17233.0,35,3,560.86,4,New / Promising
17797.0,22,8,1985.8700000000003,2,Champions
18177.0,31,9,2216.87,2,Champions
13711.0,218,9,1792.2600000000002,0,Lost / Hibernating
17646.0,219,12,4149.79,2,Champions
15498.0,2,44,26039.58,1,Loyal Customers
17662.0,661,2,412.9200000000001,3,At Risk
18097.0,7,11,4663.32,2,Champions
14095.0,722,1,2.95,3,At Risk
16908.0,722,1,252.59,3,At Risk
15409.0,721,1,131.25,3,At Risk
12440.0,462,2,859.2000000000003,0,Lost / Hibernating
15064.0,410,4,1254.41,0,Lost / Hibernating
14210.0,105,16,5861.520000000001,2,Champions
13762.0,218,5,2472.4800000000005,0,Lost / Hibernating
16422.0,17,108,63459.469999999994,1,Loyal Customers
14146.0,8,12,9450.3,1,Loyal Customers
15224.0,358,5,871.36,0,Lost / Hibernating
17801.0,451,3,798.3300000000002,0,Lost / Hibernating
17963.0,471,4,651.5099999999999,0,Lost / Hibernating
17875.0,688,1,167.1,3,At Risk
14320.0,206,5,1346.75,0,Lost / Hibernating
17142.0,239,4,1283.75,0,Lost / Hibernating
16206.0,54,13,2589.57,2,Champions
17810.0,668,2,344.85999999999996,3,At Risk
12857.0,210,6,3688.000000000001,0,Lost / Hibernating
17050.0,96,11,4691.79,2,Champions
15959.0,682,3,579.49,0,Lost / Hibernating
15695.0,266,4,1131.0400000000002,0,Lost / Hibernating
15563.0,22,6,2828.0000000000005,2,Champions
12800.0,470,3,584.25,0,Lost / Hibernating
15564.0,463,2,70.74000000000001,3,At Risk
16067.0,562,3,3395.29,0,Lost / Hibernating
12373.0,311,3,1127.65,0,Lost / Hibernating
16583.0,373,2,531.4,3,At Risk
16986.0,29,11,4888.750000000001,2,Champions
14682.0,187,6,1514.8100000000002,0,Lost / Hibernating
15584.0,23,6,1277.4999999999995,2,Champions
14227.0,26,15,6366.160000000001,2,Champions
13870.0,2,15,5712.08,1,Loyal Customers
13417.0,4,6,1669.4899999999998,2,Champions
18070.0,669,1,314.1,3,At Risk
15892.0,669,1,128.20000000000002,3,At Risk
13131.0,23,7,3313.7699999999995,2,Champions
14301.0,117,4,1992.18,0,Lost / Hibernating
12695.0,7,7,1407.12,2,Champions
13223.0,200,6,969.12,0,Lost / Hibernating
17258.0,396,2,417.30000000000007,3,At Risk
14943.0,663,1,107.62,3,At Risk
13613.0,452,5,1039.85,0,Lost / Hibernating
13431.0,67,8,3316.24,2,Champions
16170.0,50,20,6869.0,2,Champions
15693.0,659,1,37.5,3,At Risk
17721.0,659,1,307.21000000000004,3,At Risk
13540.0,467,3,632.3900000000001,0,Lost / Hibernating
16619.0,263,4,1938.33,0,Lost / Hibernating
17439.0,655,1,325.74,3,At Risk
13217.0,122,4,666.48,0,Lost / Hibernating
17195.0,655,1,562.9799999999998,3,At Risk
15754.0,51,9,3037.6099999999997,2,Champions
13330.0,92,6,2806.18,2,Champions
12909.0,39,8,3103.1900000000005,2,Champions
13104.0,3,9,1709.1,2,Champions
15606.0,61,17,5230.99,2,Champions
14142.0,373,2,983.15,0,Lost / Hibernating
15084.0,379,2,965.2,0,Lost / Hibernating
18029.0,642,1,433.77,3,At Risk
16984.0,88,9,10754.800000000005,2,Champions
16754.0,372,29,67502.47,1,Loyal Customers
17488.0,641,1,336.50000000000006,3,At Risk
16681.0,72,7,1921.84,2,Champions
15921.0,172,4,792.46,0,Lost / Hibernating
12542.0,484,2,481.87999999999994,3,At Risk
17338.0,17,17,12133.78,1,Loyal Customers
16387.0,322,5,918.55,0,Lost / Hibernating
13824.0,32,12,3314.76,2,Champions
18135.0,29,10,1249.62,2,Champions
16668.0,15,13,862.42,2,Champions
17587.0,628,1,178.71000000000004,3,At Risk
16397.0,628,1,127.88,3,At Risk
14175.0,59,8,7678.88,2,Champions
16002.0,625,1,169.21,3,At Risk
13187.0,337,4,348.00999999999993,0,Lost / Hibernating
16903.0,29,3,1062.2800000000002,4,New / Promising
15271.0,7,24,4709.54,1,Loyal Customers
13195.0,414,1,172.38,3,At Risk
16129.0,407,3,1396.0500000000002,0,Lost / Hibernating
16183.0,67,4,1077.8100000000002,0,Lost / Hibernating
14035.0,28,9,2856.7200000000003,2,Champions
17934.0,51,3,1049.15,4,New / Promising
16058.0,406,1,62.7,3,At Risk
14850.0,311,7,1794.0099999999998,0,Lost / Hibernating
12841.0,4,40,7540.68,1,Loyal Customers
18112.0,12,4,775.9599999999999,4,New / Promising
14800.0,47,17,7763.07,2,Champions
16691.0,418,2,178.82999999999998,3,At Risk
17975.0,15,24,7025.5300000000025,1,Loyal Customers
16776.0,60,2,619.8499999999999,4,New / Promising
17204.0,175,9,5504.6900000000005,2,Champions
13565.0,19,3,414.8,4,New / Promising
15174.0,322,2,481.46,3,At Risk
14219.0,4,3,633.83,4,New / Promising
16785.0,409,1,533.7800000000001,3,At Risk
16458.0,2,30,5715.34,1,Loyal Customers
17326.0,408,2,321.9499999999999,3,At Risk
15328.0,407,1,107.24000000000002,3,At Risk
16343.0,16,3,687.0699999999999,4,New / Promising
13677.0,404,2,556.1899999999999,3,At Risk
13115.0,11,10,5494.700000000001,2,Champions
14075.0,4,5,1724.87,2,Champions
12492.0,63,3,715.21,4,New / Promising
16374.0,66,5,1757.5999999999992,2,Champions
13523.0,33,6,5101.52,2,Champions
17235.0,25,8,1904.8799999999997,2,Champions
16861.0,59,5,946.59,0,Lost / Hibernating
13113.0,0,37,18625.729999999996,1,Loyal Customers
12480.0,28,7,5464.85,2,Champions
17033.0,86,4,1332.79,0,Lost / Hibernating
15870.0,32,4,862.6099999999999,4,New / Promising
16021.0,395,2,532.2499999999998,3,At Risk
16786.0,393,1,51.84,3,At Risk
14004.0,43,11,6258.449999999999,2,Champions
14379.0,44,4,1268.91,4,New / Promising
15269.0,23,3,1225.36,4,New / Promising
13384.0,30,11,6680.830000000001,2,Champions
17544.0,390,3,960.69,0,Lost / Hibernating
15452.0,29,6,1799.1099999999997,2,Champions
17170.0,374,2,178.67999999999998,3,At Risk
14675.0,16,2,1066.9,4,New / Promising
15235.0,217,16,2937.81,2,Champions
18236.0,29,12,1795.35,2,Champions
16006.0,211,2,347.1699999999999,3,At Risk
14811.0,387,1,170.50000000000006,3,At Risk
15649.0,336,4,2170.35,0,Lost / Hibernating
16588.0,386,4,1361.2800000000002,0,Lost / Hibernating
12408.0,32,8,4340.77,2,Champions
17433.0,88,2,569.96,4,New / Promising
18035.0,35,5,1276.7399999999998,2,Champions
12721.0,31,8,4013.08,2,Champions
15350.0,373,2,663.2500000000001,0,Lost / Hibernating
17782.0,382,2,679.02,0,Lost / Hibernating
13086.0,382,1,439.3299999999998,3,At Risk
14419.0,10,7,1260.91,2,Champions
17422.0,16,11,3594.76,2,Champions
14409.0,71,9,3756.09,2,Champions
16489.0,380,2,303.7,3,At Risk
14304.0,222,3,1725.0100000000002,0,Lost / Hibernating
14721.0,379,1,115.77,3,At Risk
15936.0,379,2,282.79,3,At Risk
17952.0,378,4,819.6099999999999,0,Lost / Hibernating
16545.0,164,2,689.8199999999999,0,Lost / Hibernating
18034.0,21,3,792.8500000000001,4,New / Promising
16194.0,375,1,308.59999999999997,3,At Risk
17912.0,310,6,372.55000000000007,0,Lost / Hibernating
14696.0,4,8,2767.8999999999996,2,Champions
16140.0,65,3,1557.6,0,Lost / Hibernating
15880.0,369,1,686.56,3,At Risk
12441.0,366,1,347.1,3,At Risk
15881.0,312,5,501.39,0,Lost / Hibernating
15689.0,119,3,521.03,0,Lost / Hibernating
15246.0,238,3,780.3999999999999,0,Lost / Hibernating
14220.0,247,4,1515.0,0,Lost / Hibernating
15780.0,183,3,475.2800000000001,0,Lost / Hibernating
17114.0,5,8,808.6199999999998,2,Champions
13784.0,9,14,2910.23,2,Champions
15835.0,44,4,954.09,4,New / Promising
12451.0,10,8,12669.88,2,Champions
17277.0,227,2,1065.35,0,Lost / Hibernating
16745.0,86,17,7194.300000000001,2,Champions
13494.0,311,1,316.26,3,At Risk
14665.0,60,7,2749.650000000001,2,Champions
17337.0,151,4,2026.4200000000017,0,Lost / Hibernating
16030.0,309,1,331.24000000000007,3,At Risk
17517.0,308,1,153.94,3,At Risk
16842.0,100,3,1264.19,0,Lost / Hibernating
17282.0,130,5,2339.66,0,Lost / Hibernating
13171.0,21,3,468.41,4,New / Promising
16738.0,297,1,3.75,3,At Risk
13893.0,297,1,821.1,3,At Risk
13804.0,30,9,3208.52,2,Champions
12582.0,238,4,1980.4,0,Lost / Hibernating
16339.0,284,1,109.95000000000002,3,At Risk
16462.0,73,3,136.0,3,At Risk
17652.0,25,12,4867.719999999999,2,Champions
14012.0,277,1,328.8,3,At Risk
18086.0,274,1,101.34,3,At Risk
13216.0,267,1,333.74,3,At Risk
13268.0,17,10,3192.6500000000005,2,Champions
17060.0,266,1,234.24,3,At Risk
16809.0,23,9,1727.4300000000003,2,Champions
13341.0,260,1,775.8499999999999,3,At Risk
16245.0,23,3,1413.66,4,New / Promising
12669.0,150,2,1607.7300000000002,0,Lost / Hibernating
15624.0,116,4,588.1300000000001,0,Lost / Hibernating
17775.0,254,1,56.4,3,At Risk
12619.0,16,9,3391.6999999999994,2,Champions
16698.0,226,2,1998.0,0,Lost / Hibernating
17886.0,31,6,1608.38,2,Champions
14964.0,247,1,206.21,3,At Risk
14981.0,246,2,372.92,3,At Risk
16643.0,245,2,923.11,0,Lost / Hibernating
13962.0,21,3,362.8,4,New / Promising
16697.0,241,1,112.75,3,At Risk
14262.0,8,8,2618.23,2,Champions
16348.0,32,8,1795.8799999999997,2,Champions
17058.0,81,3,1179.89,0,Lost / Hibernating
12769.0,238,1,1143.6,0,Lost / Hibernating
15517.0,233,1,267.03000000000003,3,At Risk
15491.0,95,6,3100.09,2,Champions
17187.0,226,2,467.71,3,At Risk
13637.0,52,3,809.2499999999999,4,New / Promising
17991.0,225,3,318.9,3,At Risk
15376.0,40,3,1233.36,4,New / Promising
14005.0,9,5,2874.72,2,Champions
13404.0,1,2,252.49,4,New / Promising
12620.0,14,3,1339.41,4,New / Promising
14859.0,12,5,1705.64,2,Champions
16967.0,189,1,319.0199999999999,3,At Risk
16963.0,187,1,110.55,3,At Risk
17169.0,57,3,1156.73,4,New / Promising
18281.0,180,2,201.14,3,At Risk
15069.0,179,1,1109.5300000000009,0,Lost / Hibernating
17562.0,14,7,1122.38,2,Champions
17877.0,170,1,237.61,3,At Risk
14002.0,134,2,529.73,0,Lost / Hibernating
15901.0,16,6,683.3900000000001,4,New / Promising
16474.0,7,7,1871.3400000000004,2,Champions
16464.0,19,3,1314.6799999999998,4,New / Promising
15829.0,99,2,636.1400000000001,0,Lost / Hibernating
13194.0,135,2,472.78,0,Lost / Hibernating
18237.0,2,5,987.1,4,New / Promising
15942.0,133,1,337.43999999999994,3,At Risk
17553.0,129,4,3757.6,0,Lost / Hibernating
13075.0,129,1,919.61,0,Lost / Hibernating
12689.0,25,2,1247.6100000000004,4,New / Promising
15205.0,85,2,653.24,4,New / Promising
13307.0,120,3,273.34,3,At Risk
13470.0,99,2,165.0,3,At Risk
14050.0,31,2,746.36,4,New / Promising
13726.0,38,2,1079.66,4,New / Promising
16278.0,100,3,1117.8399999999997,0,Lost / Hibernating
14067.0,63,2,374.69999999999993,4,New / Promising
16362.0,32,6,946.9399999999996,2,Champions
16211.0,88,3,1090.59,0,Lost / Hibernating
15522.0,32,2,398.84,4,New / Promising
16160.0,65,2,1025.4400000000005,4,New / Promising
14124.0,84,1,419.58,3,At Risk
12752.0,81,1,4366.779999999999,0,Lost / Hibernating
15500.0,8,4,1131.5600000000002,4,New / Promising
12390.0,79,1,549.8399999999999,4,New / Promising
13350.0,16,2,979.12,4,New / Promising
12936.0,17,4,1063.9,4,New / Promising
12579.0,78,1,440.42,4,New / Promising
13927.0,74,2,708.26,4,New / Promising
17805.0,73,2,927.03,4,New / Promising
12718.0,71,1,238.25000000000003,3,At Risk
13347.0,70,1,341.36,4,New / Promising
14184.0,66,1,452.89,4,New / Promising
17666.0,3,5,2047.7999999999995,2,Champions
12719.0,5,2,644.95,4,New / Promising
16295.0,9,4,1328.5499999999995,4,New / Promising
14518.0,64,1,174.37,3,At Risk
13876.0,63,1,122.7,3,At Risk
17509.0,57,8,6115.140000000001,2,Champions
15821.0,44,2,570.96,4,New / Promising
16380.0,61,1,1780.59,4,New / Promising
14121.0,3,4,2780.15,2,Champions
17549.0,23,2,148.86,4,New / Promising
14698.0,1,5,1250.7600000000002,4,New / Promising
13366.0,50,1,56.16,3,At Risk
15836.0,50,1,137.37,3,At Risk
15844.0,46,1,130.74,3,At Risk
13176.0,46,1,492.8400000000001,4,New / Promising
13978.0,14,2,196.79,4,New / Promising
15576.0,37,1,940.6700000000002,4,New / Promising
14158.0,40,1,507.66000000000014,4,New / Promising
16322.0,1,2,326.74999999999994,4,New / Promising
16318.0,35,1,328.15,4,New / Promising
13170.0,26,1,116.01000000000002,4,New / Promising
13832.0,19,2,613.6899999999999,4,New / Promising
12984.0,18,1,97.5,4,New / Promising
13844.0,11,1,361.62,4,New / Promising
18174.0,7,2,162.5,4,New / Promising
14569.0,1,4,598.98,4,New / Promising
14007.0,512,1,79.48,3,At Risk
18021.0,509,2,227.05999999999997,3,At Risk
15788.0,508,1,221.83000000000004,3,At Risk
17021.0,442,6,1182.2199999999998,0,Lost / Hibernating
16219.0,500,1,40.8,3,At Risk
12771.0,485,1,282.3,3,At Risk
14996.0,481,2,442.2900000000001,3,At Risk
12687.0,480,2,2138.9100000000003,0,Lost / Hibernating
13063.0,480,1,188.4,3,At Risk
15268.0,478,3,961.9,0,Lost / Hibernating
17627.0,478,1,296.36000000000007,3,At Risk
16562.0,476,1,223.86,3,At Risk
13567.0,428,4,1083.6899999999998,0,Lost / Hibernating
13361.0,472,2,1450.5,0,Lost / Hibernating
14260.0,471,3,824.2799999999999,0,Lost / Hibernating
12761.0,464,1,757.95,3,At Risk
15141.0,457,7,1388.47,0,Lost / Hibernating
14445.0,455,1,221.64999999999992,3,At Risk
14635.0,453,1,215.22,3,At Risk
15685.0,450,1,55.98000000000001,3,At Risk
18089.0,446,1,428.45,3,At Risk
17055.0,445,1,239.55,3,At Risk
12946.0,436,1,324.45,3,At Risk
17257.0,436,2,192.73,3,At Risk
17196.0,427,1,352.9,3,At Risk
16579.0,425,1,295.04999999999995,3,At Risk
14200.0,617,1,379.2000000000001,3,At Risk
13640.0,611,1,405.0,3,At Risk
13163.0,610,1,17.65,3,At Risk
13053.0,621,1,127.65,3,At Risk
12861.0,619,1,68.25,3,At Risk
13180.0,607,1,86.10000000000001,3,At Risk
15979.0,602,1,329.21999999999997,3,At Risk
15868.0,583,1,94.53,3,At Risk
17798.0,581,1,177.18999999999997,3,At Risk
14361.0,578,1,214.71000000000004,3,At Risk
17074.0,562,1,203.05,3,At Risk
15305.0,555,1,93.6,3,At Risk
17971.0,548,1,161.94000000000003,3,At Risk
17953.0,540,1,150.32000000000002,3,At Risk
17192.0,536,1,77.83,3,At Risk
15486.0,527,1,102.0,3,At Risk
17238.0,2,32,7782.600000000002,1,Loyal Customers
13097.0,32,27,13080.48,1,Loyal Customers
12836.0,59,15,6585.619999999999,2,Champions
14865.0,7,4,129.72000000000003,4,New / Promising
17246.0,546,2,38.92,3,At Risk
14108.0,30,4,1044.96,4,New / Promising
16202.0,360,9,2501.99,0,Lost / Hibernating
17019.0,11,11,3996.9,2,Champions
17476.0,395,2,489.86,3,At Risk
15917.0,247,5,560.6299999999999,0,Lost / Hibernating
14080.0,32,5,1115.6799999999998,4,New / Promising
17660.0,141,2,359.46999999999997,3,At Risk
15291.0,25,39,13801.56,1,Loyal Customers
16168.0,10,66,10636.47,1,Loyal Customers
13416.0,43,3,940.8000000000002,4,New / Promising
13895.0,28,6,4008.52,2,Champions
18229.0,11,28,10803.71,1,Loyal Customers
14732.0,8,19,5517.069999999999,1,Loyal Customers
12709.0,15,33,31008.76000000001,1,Loyal Customers
14505.0,17,19,11995.840000000006,1,Loyal Customers
13728.0,36,16,2855.1699999999996,2,Champions
15841.0,72,9,2742.41,2,Champions
14942.0,401,4,746.56,0,Lost / Hibernating
17414.0,43,6,2249.52,2,Champions
14710.0,14,13,1922.59,2,Champions
16791.0,29,15,4025.939999999999,2,Champions
14258.0,9,25,32051.34,1,Loyal Customers
16335.0,551,7,2774.0000000000023,0,Lost / Hibernating
16746.0,4,42,18064.7,1,Loyal Customers
16699.0,380,7,994.6,0,Lost / Hibernating
16451.0,87,3,1013.15,0,Lost / Hibernating
15684.0,547,3,173.95000000000002,3,At Risk
15059.0,40,19,3522.77,2,Champions
14479.0,253,4,1299.11,0,Lost / Hibernating
14123.0,733,1,436.1799999999999,3,At Risk
18077.0,8,18,4338.5599999999995,1,Loyal Customers
14307.0,88,10,5071.03,2,Champions
12747.0,2,26,9276.54,1,Loyal Customers
12523.0,19,23,4372.150000000001,1,Loyal Customers
16013.0,3,84,57446.44,1,Loyal Customers
17978.0,365,4,1461.7599999999998,0,Lost / Hibernating
15882.0,198,8,1491.42,0,Lost / Hibernating
13415.0,472,4,800.6700000000001,0,Lost / Hibernating
12843.0,65,28,6471.42,1,Loyal Customers
16127.0,39,2,801.3100000000001,4,New / Promising
17290.0,3,8,1440.9599999999996,2,Champions
14466.0,29,13,4646.900000000001,2,Champions
14977.0,725,1,31.929999999999996,3,At Risk
12472.0,32,19,17880.59,1,Loyal Customers
12613.0,57,10,6835.070000000001,2,Champions
16713.0,18,32,14560.689999999997,1,Loyal Customers
12941.0,724,1,377.4900000000002,3,At Risk
15070.0,372,3,843.2500000000001,0,Lost / Hibernating
16308.0,37,7,5120.0,2,Champions
15713.0,143,4,1010.79,0,Lost / Hibernating
16366.0,18,4,1548.1300000000003,4,New / Promising
15499.0,723,1,161.6,3,At Risk
18012.0,723,1,115.3,3,At Risk
13403.0,17,3,229.5,4,New / Promising
17833.0,723,1,342.36,3,At Risk
15222.0,318,11,3550.91,0,Lost / Hibernating
13875.0,53,14,4814.370000000001,2,Champions
12708.0,29,18,5314.099999999999,2,Champions
14949.0,469,4,515.0,0,Lost / Hibernating
17324.0,17,12,2301.87,2,Champions
14151.0,673,2,679.4500000000002,0,Lost / Hibernating
13901.0,72,15,5676.34,2,Champions
13338.0,157,4,2445.62,0,Lost / Hibernating
16888.0,400,3,437.15,0,Lost / Hibernating
12678.0,42,21,34281.18,1,Loyal Customers
15827.0,73,28,3794.07,2,Champions
18231.0,192,28,6875.07,2,Champions
12951.0,8,15,3213.7200000000003,2,Champions
17139.0,15,25,19584.460000000003,1,Loyal Customers
12649.0,107,8,2294.65,2,Champions
16585.0,593,2,341.59000000000003,3,At Risk
12647.0,22,36,17924.35,1,Loyal Customers
13233.0,74,4,1176.4599999999998,0,Lost / Hibernating
15359.0,662,8,181.35,0,Lost / Hibernating
18106.0,329,6,1461.4599999999998,0,Lost / Hibernating
12860.0,693,1,55.47,3,At Risk
13869.0,123,10,8111.57,2,Champions
13616.0,568,2,288.1,3,At Risk
17220.0,24,21,4475.849999999999,1,Loyal Customers
12531.0,14,2,1933.1999999999996,4,New / Promising
16523.0,1,28,11916.33,1,Loyal Customers
14986.0,376,2,566.9000000000001,0,Lost / Hibernating
15950.0,31,10,7180.709999999999,2,Champions
15845.0,17,11,4426.28,2,Champions
15766.0,64,3,831.06,4,New / Promising
18016.0,32,7,1960.46,2,Champions
15192.0,119,5,1981.39,0,Lost / Hibernating
13480.0,416,2,627.8199999999999,0,Lost / Hibernating
15251.0,9,21,20324.539999999997,1,Loyal Customers
15317.0,677,1,129.75,3,At Risk
17365.0,12,15,8219.939999999999,1,Loyal Customers
13511.0,676,1,282.76,3,At Risk
17876.0,399,3,3424.02,0,Lost / Hibernating
14545.0,674,1,349.25,3,At Risk
15580.0,376,8,1381.19,0,Lost / Hibernating
13985.0,4,22,10020.86,1,Loyal Customers
15504.0,81,4,412.6,4,New / Promising
15288.0,43,10,3874.28,2,Champions
13421.0,40,8,4092.62,2,Champions
12426.0,194,2,1345.21,0,Lost / Hibernating
12380.0,21,10,8167.6500000000015,2,Champions
16330.0,17,7,634.3299999999999,4,New / Promising
12898.0,463,2,310.96000000000004,3,At Risk
17763.0,263,4,86.15,3,At Risk
18153.0,659,1,246.22,3,At Risk
13957.0,417,3,458.25000000000006,0,Lost / Hibernating
15673.0,88,9,6414.790000000001,2,Champions
14770.0,232,8,3637.64,0,Lost / Hibernating
17011.0,30,3,671.7,4,New / Promising
16913.0,290,3,423.91,0,Lost / Hibernating
15477.0,649,1,368.4,3,At Risk
15990.0,44,7,2010.05,2,Champions
14798.0,52,8,724.31,2,Champions
17359.0,11,2,284.46,4,New / Promising
14818.0,73,6,1170.41,0,Lost / Hibernating
16947.0,235,4,946.7100000000002,0,Lost / Hibernating
14018.0,645,1,367.15,3,At Risk
12568.0,644,1,70.0,3,At Risk
17158.0,32,5,1980.0,2,Champions
12369.0,413,3,1791.15,0,Lost / Hibernating
17289.0,31,9,2079.39,2,Champions
17266.0,2,5,517.73,4,New / Promising
14745.0,112,12,2571.8099999999995,2,Champions
17228.0,15,13,3177.24,2,Champions
14315.0,44,8,3197.8199999999993,2,Champions
17479.0,632,1,389.25999999999993,3,At Risk
13275.0,383,2,241.6599999999999,3,At Risk
17673.0,1,13,4233.58,1,Loyal Customers
18085.0,330,4,1645.7500000000002,0,Lost / Hibernating
13151.0,295,3,2570.2400000000007,0,Lost / Hibernating
15447.0,330,5,492.88,0,Lost / Hibernating
14013.0,110,5,1084.57,0,Lost / Hibernating
13065.0,373,5,1260.91,0,Lost / Hibernating
17817.0,4,6,807.8499999999999,4,New / Promising
16825.0,38,5,1826.8899999999996,2,Champions
13936.0,179,3,939.66,0,Lost / Hibernating
14533.0,24,11,3466.3700000000003,2,Champions
13655.0,114,6,2280.51,0,Lost / Hibernating
12415.0,24,25,144383.37,1,Loyal Customers
15900.0,23,4,900.3999999999999,4,New / Promising
16996.0,30,9,2123.61,2,Champions
13763.0,63,3,5217.44,2,Champions
15710.0,417,1,898.8700000000005,3,At Risk
12419.0,385,2,503.01,3,At Risk
13059.0,249,10,2303.1700000000005,0,Lost / Hibernating
13241.0,411,1,115.58000000000004,3,At Risk
18110.0,19,2,435.4299999999999,4,New / Promising
16863.0,31,3,998.52,4,New / Promising
16531.0,22,11,2298.3300000000004,2,Champions
13906.0,409,1,42.0,3,At Risk
16433.0,28,2,384.52,4,New / Promising
13547.0,408,1,172.97999999999993,3,At Risk
18060.0,408,2,1185.46,0,Lost / Hibernating
17994.0,121,11,2307.3200000000006,2,Champions
14437.0,365,5,958.84,0,Lost / Hibernating
13833.0,159,2,701.3599999999999,0,Lost / Hibernating
17951.0,39,4,1636.0800000000004,2,Champions
14229.0,51,7,2594.04,2,Champions
16117.0,189,3,654.4,0,Lost / Hibernating
13453.0,165,3,781.69,0,Lost / Hibernating
17126.0,152,9,2062.94,2,Champions
13987.0,379,2,682.5400000000001,0,Lost / Hibernating
17525.0,359,3,1161.9,0,Lost / Hibernating
17041.0,26,6,1686.2800000000002,2,Champions
16931.0,5,23,5233.620000000001,1,Loyal Customers
15996.0,88,7,1686.8999999999992,2,Champions
15992.0,3,3,896.6,4,New / Promising
16503.0,106,11,3614.3400000000006,2,Champions
13809.0,305,3,679.7,0,Lost / Hibernating
13632.0,24,8,3648.15,2,Champions
17423.0,46,3,1118.95,4,New / Promising
17210.0,392,1,253.37000000000003,3,At Risk
12576.0,35,8,2142.72,2,Champions
14684.0,25,6,1468.5499999999995,2,Champions
17497.0,390,2,287.25,3,At Risk
14382.0,26,2,1246.8000000000002,4,New / Promising
14550.0,10,4,1353.31,4,New / Promising
15161.0,388,1,119.92000000000004,3,At Risk
18256.0,387,1,110.7,3,At Risk
17239.0,312,4,1189.45,0,Lost / Hibernating
17868.0,386,1,234.65,3,At Risk
16080.0,81,4,602.56,0,Lost / Hibernating
12562.0,8,9,4966.919999999999,2,Champions
12887.0,383,1,222.4,3,At Risk
12573.0,227,5,717.4099999999999,0,Lost / Hibernating
15519.0,383,2,344.61,3,At Risk
17491.0,1,17,5981.07,1,Loyal Customers
13602.0,64,4,1025.17,0,Lost / Hibernating
13181.0,381,1,359.69,3,At Risk
14972.0,128,2,145.07000000000002,3,At Risk
16001.0,381,1,583.39,3,At Risk
15471.0,2,3,1316.5599999999995,4,New / Promising
15661.0,317,8,1215.9499999999998,0,Lost / Hibernating
15987.0,12,8,1682.13,2,Champions
12385.0,379,1,1938.4,0,Lost / Hibernating
12811.0,260,5,1033.9,0,Lost / Hibernating
12865.0,26,4,3323.4699999999993,2,Champions
15037.0,376,2,402.50999999999993,3,At Risk
15583.0,376,1,107.86000000000004,3,At Risk
17378.0,374,1,10.95,3,At Risk
15923.0,372,1,254.16000000000005,3,At Risk
14236.0,80,5,1744.64,0,Lost / Hibernating
17198.0,23,3,1213.88,4,New / Promising
16402.0,264,2,511.39999999999986,3,At Risk
12763.0,138,2,814.16,0,Lost / Hibernating
18119.0,367,1,362.2399999999999,3,At Risk
18004.0,362,1,169.46999999999997,3,At Risk
13496.0,10,2,653.33,4,New / Promising
12348.0,75,5,2019.4,2,Champions
13922.0,351,3,865.1999999999999,0,Lost / Hibernating
12585.0,234,2,2040.1,0,Lost / Hibernating
14889.0,336,1,135.9,3,At Risk
14761.0,58,3,447.92,4,New / Promising
14321.0,10,7,2218.0600000000004,2,Champions
13144.0,332,2,135.35,3,At Risk
13859.0,326,2,515.86,3,At Risk
17094.0,322,2,402.19999999999993,3,At Risk
16949.0,3,6,1286.2700000000002,2,Champions
13939.0,23,7,1560.96,2,Champions
18250.0,310,1,349.27000000000004,3,At Risk
17291.0,308,1,550.8000000000001,3,At Risk
17302.0,14,5,1135.63,4,New / Promising
12654.0,10,5,601.98,4,New / Promising
16349.0,290,1,53.5,3,At Risk
14289.0,8,6,911.26,4,New / Promising
13493.0,275,2,618.63,0,Lost / Hibernating
18211.0,25,5,600.07,4,New / Promising
15554.0,277,1,217.2,3,At Risk
15764.0,88,8,4503.08,2,Champions
18183.0,227,2,632.07,0,Lost / Hibernating
16801.0,163,4,1619.7300000000002,0,Lost / Hibernating
16871.0,22,6,2812.3399999999997,2,Champions
16214.0,170,4,2038.25,0,Lost / Hibernating
16297.0,268,1,301.90000000000003,3,At Risk
16377.0,267,2,1308.48,0,Lost / Hibernating
16023.0,46,3,719.8100000000001,4,New / Promising
16384.0,89,4,1358.95,0,Lost / Hibernating
17152.0,194,4,2016.5,0,Lost / Hibernating
17272.0,42,4,2148.6299999999997,2,Champions
13695.0,31,16,2770.73,2,Champions
14476.0,257,1,215.7,3,At Risk
17749.0,178,3,1026.18,0,Lost / Hibernating
13060.0,253,1,307.53000000000003,3,At Risk
17701.0,252,1,417.9500000000001,3,At Risk
15289.0,29,5,1593.09,2,Champions
13863.0,247,4,1239.5500000000002,0,Lost / Hibernating
13548.0,96,3,908.9899999999998,0,Lost / Hibernating
16175.0,94,7,1836.44,2,Champions
13220.0,78,5,1336.09,0,Lost / Hibernating
13474.0,236,3,663.79,0,Lost / Hibernating
13479.0,200,4,851.3699999999999,0,Lost / Hibernating
16055.0,220,1,134.8,3,At Risk
17522.0,1,5,1066.15,4,New / Promising
15668.0,217,1,76.32000000000001,3,At Risk
18235.0,71,3,1796.4800000000007,0,Lost / Hibernating
12394.0,63,2,1272.48,4,New / Promising
13642.0,215,4,514.7199999999999,0,Lost / Hibernating
13320.0,78,6,2228.1000000000004,2,Champions
12684.0,7,6,2253.63,2,Champions
18133.0,212,1,931.5,0,Lost / Hibernating
12770.0,210,2,3246.45,0,Lost / Hibernating
12674.0,38,4,1970.6,2,Champions
13456.0,17,6,1766.7200000000005,2,Champions
16818.0,10,11,3349.5699999999997,2,Champions
13572.0,205,1,1384.25,0,Lost / Hibernating
17926.0,133,5,1035.49,0,Lost / Hibernating
16341.0,24,7,3850.79,2,Champions
16091.0,154,2,315.06000000000006,3,At Risk
15679.0,24,4,781.2799999999997,4,New / Promising
15267.0,22,5,1717.36,2,Champions
15909.0,173,1,191.93999999999997,3,At Risk
13568.0,173,1,192.85000000000005,3,At Risk
16526.0,171,2,717.2099999999998,0,Lost / Hibernating
14960.0,8,2,221.27000000000004,4,New / Promising
15412.0,171,1,190.53000000000003,3,At Risk
13745.0,162,2,777.3600000000001,0,Lost / Hibernating
15895.0,149,1,179.17,3,At Risk
14716.0,43,3,565.45,4,New / Promising
15004.0,147,1,1245.9299999999994,0,Lost / Hibernating
16149.0,4,3,422.22,4,New / Promising
16557.0,24,2,281.85,4,New / Promising
12844.0,29,4,648.6,4,New / Promising
12378.0,129,2,5416.3200000000015,0,Lost / Hibernating
17887.0,129,1,111.35,3,At Risk
14768.0,17,2,192.6,4,New / Promising
13218.0,127,1,62.64,3,At Risk
12571.0,39,2,519.61,4,New / Promising
12381.0,4,5,1845.31,2,Champions
17637.0,31,2,547.0599999999998,4,New / Promising
15472.0,113,1,371.56,3,At Risk
16582.0,113,1,313.61999999999995,3,At Risk
12513.0,112,1,612.2900000000001,3,At Risk
16706.0,37,3,531.35,4,New / Promising
16555.0,35,6,1915.68,2,Champions
14096.0,4,17,65164.78999999984,1,Loyal Customers
15307.0,95,1,205.3,3,At Risk
13949.0,2,6,2427.3199999999997,2,Champions
12879.0,44,3,573.22,4,New / Promising
15533.0,19,3,807.5699999999999,4,New / Promising
12940.0,54,2,913.54,4,New / Promising
17037.0,87,1,1267.3199999999997,0,Lost / Hibernating
12822.0,70,2,948.88,4,New / Promising
15975.0,84,1,371.01,3,At Risk
13325.0,81,1,675.3,4,New / Promising
17466.0,10,2,763.28,4,New / Promising
17079.0,78,1,118.8,3,At Risk
15344.0,0,3,563.94,4,New / Promising
12612.0,74,1,704.0400000000001,4,New / Promising
17813.0,14,5,1770.8800000000017,2,Champions
14333.0,67,1,415.2,4,New / Promising
14815.0,36,2,778.5,4,New / Promising
16881.0,66,1,432.0,4,New / Promising
14054.0,65,1,92.46,3,At Risk
18033.0,65,1,97.97000000000004,3,At Risk
16432.0,64,1,287.4,4,New / Promising
17453.0,17,2,486.72,4,New / Promising
17030.0,63,1,146.87,3,At Risk
17086.0,7,6,2050.0799999999995,2,Champions
18088.0,61,1,167.66999999999996,3,At Risk
17737.0,9,2,168.24,4,New / Promising
12446.0,57,1,1002.3099999999998,4,New / Promising
13858.0,57,1,216.16999999999996,4,New / Promising
15598.0,53,2,548.02,4,New / Promising
14629.0,4,2,959.0099999999996,4,New / Promising
16345.0,44,2,1198.7400000000002,4,New / Promising
15948.0,8,3,1509.09,4,New / Promising
14357.0,43,1,225.77000000000012,4,New / Promising
16680.0,43,3,821.45,4,New / Promising
14485.0,38,1,165.75000000000003,4,New / Promising
13318.0,1,3,640.76,4,New / Promising
15043.0,31,6,2858.7999999999997,2,Champions
17022.0,31,2,260.0,4,New / Promising
17403.0,36,2,400.5700000000001,4,New / Promising
15010.0,35,1,308.94000000000005,4,New / Promising
12882.0,9,2,1463.0399999999995,4,New / Promising
14174.0,33,1,134.46,4,New / Promising
13710.0,31,3,509.52,4,New / Promising
14140.0,3,2,935.0499999999996,4,New / Promising
16505.0,31,1,777.6,4,New / Promising
17461.0,22,3,757.4599999999996,4,New / Promising
17901.0,29,3,260.08,4,New / Promising
18117.0,25,1,319.47,4,New / Promising
17153.0,24,1,213.77999999999997,4,New / Promising
17896.0,23,1,256.32,4,New / Promising
14362.0,22,1,161.20000000000002,4,New / Promising
14881.0,19,1,255.4,4,New / Promising
14950.0,19,1,371.2,4,New / Promising
12452.0,16,2,430.5700000000001,4,New / Promising
15148.0,10,1,301.28999999999996,4,New / Promising
14349.0,10,1,133.50000000000006,4,New / Promising
14578.0,3,1,168.63,4,New / Promising
16000.0,2,3,12393.7,2,Champions
15195.0,2,1,3861.0,4,New / Promising
16234.0,476,3,333.18,3,At Risk
15431.0,502,1,153.24,3,At Risk
14283.0,463,4,628.44,0,Lost / Hibernating
13920.0,431,4,1774.6800000000003,0,Lost / Hibernating
12745.0,486,2,723.8499999999999,0,Lost / Hibernating
18140.0,473,1,536.4099999999999,3,At Risk
16993.0,463,2,1950.95,0,Lost / Hibernating
16289.0,462,1,136.31,3,At Risk
12777.0,457,1,519.4499999999999,3,At Risk
15966.0,450,1,426.5300000000001,3,At Risk
18107.0,442,1,167.12999999999997,3,At Risk
16783.0,436,1,391.95,3,At Risk
13105.0,436,1,72.0,3,At Risk
13966.0,435,1,390.86000000000007,3,At Risk
15778.0,431,1,307.95000000000005,3,At Risk
17635.0,424,3,1265.5800000000002,0,Lost / Hibernating
17273.0,424,1,141.12,3,At Risk
13912.0,423,1,124.95,3,At Risk
16845.0,618,1,253.87999999999997,3,At Risk
15613.0,610,1,433.7199999999999,3,At Risk
12786.0,609,1,728.4999999999999,3,At Risk
15982.0,605,1,324.50999999999993,3,At Risk
17039.0,604,1,1954.99,0,Lost / Hibernating
17842.0,602,1,430.69000000000005,3,At Risk
13286.0,600,1,734.9100000000001,3,At Risk
15455.0,597,1,38.25,3,At Risk
14999.0,592,1,129.48,3,At Risk
15183.0,547,3,639.93,0,Lost / Hibernating
13400.0,582,1,310.83000000000004,3,At Risk
18197.0,575,1,230.1,3,At Risk
16604.0,562,2,432.45,3,At Risk
16974.0,522,2,365.5,3,At Risk
16035.0,560,1,217.73,3,At Risk
18100.0,550,1,451.56,3,At Risk
16547.0,546,1,111.71,3,At Risk
14919.0,539,1,359.34999999999997,3,At Risk
17437.0,529,1,373.1699999999999,3,At Risk
16167.0,414,5,1386.12,0,Lost / Hibernating
15311.0,0,207,116476.16000000005,1,Loyal Customers
13590.0,11,18,6349.589999999999,1,Loyal Customers
15662.0,661,2,283.73,3,At Risk
13442.0,667,3,419.87,3,At Risk
17818.0,737,1,130.17999999999998,3,At Risk
14667.0,10,54,21891.39,1,Loyal Customers
14669.0,241,7,3243.9300000000007,0,Lost / Hibernating
17412.0,2,16,4417.52,1,Loyal Customers
14838.0,423,2,773.6700000000001,0,Lost / Hibernating
14483.0,281,2,257.1,3,At Risk
13753.0,287,4,2094.57,0,Lost / Hibernating
17581.0,0,43,18757.750000000004,1,Loyal Customers
15953.0,15,18,3669.55,2,Champions
16497.0,49,23,6695.28,1,Loyal Customers
13141.0,84,17,7668.58,2,Champions
12917.0,128,6,4359.2,2,Champions
15077.0,494,2,2428.0800000000004,0,Lost / Hibernating
17388.0,77,11,2691.5699999999997,2,Champions
15642.0,729,1,105.78000000000004,3,At Risk
15884.0,432,2,249.7,3,At Risk
17884.0,3,20,3067.89,1,Loyal Customers
13958.0,379,8,4709.230000000001,0,Lost / Hibernating
13641.0,640,4,942.3700000000002,0,Lost / Hibernating
16158.0,522,9,628.3199999999999,0,Lost / Hibernating
16277.0,733,1,188.69,3,At Risk
15555.0,12,36,12102.220000000008,1,Loyal Customers
16964.0,733,2,207.85,3,At Risk
17561.0,19,4,722.3400000000001,4,New / Promising
17557.0,14,4,575.46,4,New / Promising
16124.0,317,4,1772.49,0,Lost / Hibernating
17739.0,11,18,7730.590000000001,1,Loyal Customers
14828.0,196,13,9839.46,2,Champions
14955.0,732,1,163.76999999999998,3,At Risk
13905.0,732,1,312.65000000000003,3,At Risk
13234.0,672,2,356.94999999999993,3,At Risk
13042.0,598,3,1556.5400000000009,0,Lost / Hibernating
17047.0,85,6,2289.2299999999996,2,Champions
13643.0,31,10,2156.7700000000004,2,Champions
15924.0,731,1,102.82,3,At Risk
18275.0,578,2,741.8500000000001,0,Lost / Hibernating
15805.0,23,30,10189.23,1,Loyal Customers
14507.0,23,11,3284.43,2,Champions
16798.0,554,3,848.7099999999999,0,Lost / Hibernating
15494.0,21,5,3780.0500000000006,2,Champions
13418.0,11,31,12233.600000000002,1,Loyal Customers
16952.0,109,5,798.78,0,Lost / Hibernating
17860.0,368,4,1015.54,0,Lost / Hibernating
14525.0,19,17,8232.69,1,Loyal Customers
13462.0,252,5,1153.85,0,Lost / Hibernating
16190.0,40,8,2723.5499999999997,2,Champions
13004.0,11,36,11650.85,1,Loyal Customers
13047.0,56,23,8790.21,1,Loyal Customers
16195.0,723,1,323.25,3,At Risk
15055.0,474,3,560.0699999999999,0,Lost / Hibernating
12867.0,26,13,7913.29,2,Champions
18251.0,87,9,26278.86,2,Champions
17404.0,4,23,47751.12,1,Loyal Customers
16109.0,218,3,939.48,0,Lost / Hibernating
17222.0,65,6,1589.11,2,Champions
17740.0,389,6,426.9,0,Lost / Hibernating
17023.0,417,3,800.18,0,Lost / Hibernating
14241.0,183,2,333.70000000000005,3,At Risk
17757.0,1,56,9418.500000000004,1,Loyal Customers
13152.0,417,7,2146.38,0,Lost / Hibernating
15903.0,9,12,8939.84,1,Loyal Customers
14324.0,409,2,701.6100000000001,0,Lost / Hibernating
15489.0,22,8,2419.6099999999997,2,Champions
16166.0,428,2,435.83,3,At Risk
15164.0,68,9,2068.9199999999996,2,Champions
14343.0,421,4,1088.9099999999996,0,Lost / Hibernating
16867.0,689,1,76.74000000000001,3,At Risk
16287.0,169,5,1006.98,0,Lost / Hibernating
12470.0,689,1,211.95,3,At Risk
14472.0,103,9,2228.2200000000007,2,Champions
16634.0,222,6,1814.61,0,Lost / Hibernating
14064.0,29,15,3332.4199999999996,2,Champions
17320.0,100,6,2895.7700000000004,2,Champions
15126.0,536,2,449.4899999999999,3,At Risk
13889.0,92,6,1991.23,2,Champions
17141.0,418,4,754.3299999999997,0,Lost / Hibernating
15696.0,33,13,3906.57,2,Champions
15483.0,161,10,855.0600000000001,0,Lost / Hibernating
15303.0,290,3,1224.1799999999998,0,Lost / Hibernating
13488.0,17,23,15587.879999999996,1,Loyal Customers
15073.0,9,8,2788.02,2,Champions
17905.0,71,13,2373.02,2,Champions
15861.0,12,12,4393.49,2,Champions
14820.0,21,9,1274.7600000000002,2,Champions
12483.0,17,19,5120.58,1,Loyal Customers
13628.0,676,1,310.14000000000004,3,At Risk
18064.0,133,11,4495.030000000001,2,Champions
15339.0,66,7,1827.84,2,Champions
13119.0,668,1,134.9,3,At Risk
16136.0,59,4,946.8,4,New / Promising
15323.0,562,3,434.6,0,Lost / Hibernating
13802.0,138,19,26259.109999999993,1,Loyal Customers
14944.0,29,19,9784.67,1,Loyal Customers
18178.0,128,11,6103.740000000001,2,Champions
12389.0,402,3,1433.3299999999997,0,Lost / Hibernating
16071.0,44,4,1076.8000000000002,4,New / Promising
16416.0,26,9,2972.879999999999,2,Champions
16406.0,18,3,552.6799999999998,4,New / Promising
14740.0,197,11,4161.06,2,Champions
17883.0,3,7,995.8499999999998,2,Champions
15366.0,75,7,2389.08,2,Champions
12809.0,177,3,1755.94,0,Lost / Hibernating
13595.0,516,3,818.22,0,Lost / Hibernating
14957.0,253,2,333.28999999999996,3,At Risk
17006.0,4,8,1636.3200000000002,2,Champions
16534.0,642,1,635.9000000000002,3,At Risk
17857.0,4,23,27104.74,1,Loyal Customers
16537.0,641,1,10.55,3,At Risk
17002.0,85,7,2571.5499999999997,2,Champions
15437.0,262,2,393.4500000000001,3,At Risk
14403.0,130,6,1880.51,0,Lost / Hibernating
16258.0,45,15,11942.52,2,Champions
13795.0,388,4,836.3000000000001,0,Lost / Hibernating
12692.0,637,1,110.95,3,At Risk
15665.0,168,5,4015.120000000001,0,Lost / Hibernating
15819.0,49,10,3934.789999999999,2,Champions
15461.0,460,2,429.7,3,At Risk
16385.0,60,5,1030.61,0,Lost / Hibernating
14851.0,23,3,829.4100000000001,4,New / Promising
13482.0,232,2,336.09,3,At Risk
14464.0,568,2,111.0,3,At Risk
13117.0,21,18,2643.8100000000004,2,Champions
16372.0,33,5,1328.6100000000004,2,Champions
16265.0,9,12,6935.17,2,Champions
14834.0,17,7,2206.1599999999994,2,Champions
16635.0,406,1,472.99999999999994,3,At Risk
14901.0,11,12,2289.6499999999996,2,Champions
16232.0,43,7,2712.97,2,Champions
16421.0,376,3,526.27,0,Lost / Hibernating
16549.0,10,34,13182.189999999986,1,Loyal Customers
15261.0,135,4,1508.0,0,Lost / Hibernating
16856.0,14,3,358.49,4,New / Promising
12699.0,417,1,638.1100000000001,3,At Risk
13387.0,417,1,184.33999999999995,3,At Risk
17143.0,417,2,924.11,0,Lost / Hibernating
14312.0,46,11,3090.290000000001,2,Champions
13981.0,415,1,331.13999999999993,3,At Risk
15608.0,28,5,1785.98,2,Champions
15377.0,382,4,1211.75,0,Lost / Hibernating
14692.0,137,12,1745.09,2,Champions
16053.0,32,6,3634.84,2,Champions
13750.0,53,11,3602.1800000000003,2,Champions
13073.0,411,2,418.08,3,At Risk
17981.0,410,1,239.11999999999995,3,At Risk
15370.0,40,8,3739.01,2,Champions
12449.0,22,6,4835.89,2,Champions
13274.0,409,1,360.85,3,At Risk
16382.0,408,2,353.1,3,At Risk
13888.0,119,7,2169.05,2,Champions
16724.0,404,1,147.35000000000002,3,At Risk
14247.0,278,5,772.6599999999999,0,Lost / Hibernating
15458.0,25,2,370.43999999999994,4,New / Promising
13034.0,54,3,922.68,4,New / Promising
13395.0,185,3,1180.2299999999998,0,Lost / Hibernating
15560.0,397,2,153.51999999999998,3,At Risk
18083.0,397,1,470.7299999999999,3,At Risk
12693.0,127,7,1703.02,0,Lost / Hibernating
16420.0,396,1,75.0,3,At Risk
13738.0,396,1,440.9299999999999,3,At Risk
12849.0,31,6,3064.07,2,Champions
17878.0,43,3,1412.33,4,New / Promising
14899.0,395,1,1384.88,0,Lost / Hibernating
12927.0,394,1,197.31,3,At Risk
14390.0,10,13,6399.830000000001,1,Loyal Customers
12876.0,57,4,4081.79,2,Champions
17321.0,8,6,1741.1799999999998,2,Champions
15890.0,394,5,535.65,0,Lost / Hibernating
13915.0,394,1,70.80000000000001,3,At Risk
15532.0,25,10,3750.250000000001,2,Champions
14559.0,390,1,75.6,3,At Risk
15726.0,390,1,321.9100000000001,3,At Risk
17992.0,389,1,254.13,3,At Risk
13862.0,18,9,2556.09,2,Champions
16602.0,36,2,763.3299999999999,4,New / Promising
15811.0,22,7,3796.92,2,Champions
12423.0,0,10,2622.3899999999994,1,Loyal Customers
18195.0,387,1,101.16,3,At Risk
14446.0,0,5,1236.5099999999995,4,New / Promising
16973.0,386,1,127.0,3,At Risk
16261.0,17,6,1059.4499999999998,2,Champions
17683.0,385,3,819.01,0,Lost / Hibernating
14813.0,369,4,1090.8699999999997,0,Lost / Hibernating
12578.0,21,4,4642.45,2,Champions
14499.0,26,7,2138.9700000000003,2,Champions
14583.0,5,8,1781.03,2,Champions
18210.0,1,7,2768.83,2,Champions
17730.0,3,20,7773.800000000001,1,Loyal Customers
16209.0,88,9,4146.780000000001,2,Champions
15986.0,30,2,354.42,4,New / Promising
14252.0,381,1,350.99,3,At Risk
17744.0,3,7,2649.1400000000003,2,Champions
14350.0,274,3,972.03,0,Lost / Hibernating
17556.0,205,2,300.67,3,At Risk
18031.0,378,1,462.0999999999999,3,At Risk
12538.0,29,2,640.45,4,New / Promising
17607.0,376,1,333.81000000000006,3,At Risk
16893.0,366,2,401.34999999999985,3,At Risk
15540.0,11,2,460.68000000000006,4,New / Promising
15828.0,375,1,1108.8199999999997,0,Lost / Hibernating
17223.0,310,3,803.5299999999997,0,Lost / Hibernating
15939.0,89,15,9004.84,2,Champions
17181.0,57,3,465.37,4,New / Promising
14775.0,58,3,1418.46,0,Lost / Hibernating
13402.0,127,4,1535.13,0,Lost / Hibernating
17674.0,74,2,851.7,4,New / Promising
12429.0,9,8,7485.910000000002,2,Champions
17339.0,94,3,362.36,4,New / Promising
16927.0,115,3,543.0500000000001,0,Lost / Hibernating
17375.0,199,4,660.55,0,Lost / Hibernating
15460.0,354,1,216.76,3,At Risk
15208.0,1,6,970.52,4,New / Promising
18198.0,4,17,5425.560000000001,1,Loyal Customers
17128.0,334,1,157.09,3,At Risk
12652.0,331,2,1017.0299999999996,0,Lost / Hibernating
12388.0,15,8,3901.1100000000006,2,Champions
14428.0,7,5,1244.83,4,New / Promising
15938.0,112,9,734.8100000000001,0,Lost / Hibernating
14779.0,280,3,386.1499999999999,0,Lost / Hibernating
12559.0,310,2,561.7099999999999,0,Lost / Hibernating
12744.0,56,8,13158.16,2,Champions
16897.0,299,2,289.7800000000001,3,At Risk
12528.0,9,6,1933.48,2,Champions
15940.0,311,1,35.8,3,At Risk
14188.0,30,6,2054.36,2,Champions
14346.0,120,5,2315.7500000000005,0,Lost / Hibernating
13932.0,294,1,307.4,3,At Risk
16566.0,15,5,614.66,4,New / Promising
14520.0,1,2,270.6,4,New / Promising
13636.0,36,5,949.12,4,New / Promising
12458.0,71,4,1777.4900000000002,0,Lost / Hibernating
15643.0,191,3,664.0,0,Lost / Hibernating
15220.0,51,6,1778.96,2,Champions
14570.0,280,3,512.3999999999999,0,Lost / Hibernating
13452.0,259,3,729.8,0,Lost / Hibernating
13716.0,269,1,138.28,3,At Risk
13358.0,268,1,439.03,3,At Risk
13185.0,267,1,71.4,3,At Risk
15433.0,213,2,533.3,0,Lost / Hibernating
17102.0,261,1,25.5,3,At Risk
18191.0,261,2,529.4,0,Lost / Hibernating
14536.0,259,1,171.8,3,At Risk
13720.0,116,4,799.8999999999999,0,Lost / Hibernating
12569.0,2,32,4124.6900000000005,1,Loyal Customers
13731.0,219,2,610.5899999999999,0,Lost / Hibernating
13892.0,26,6,1267.65,2,Champions
14311.0,242,2,516.45,0,Lost / Hibernating
15230.0,239,2,429.6,3,At Risk
15172.0,8,5,1624.0500000000002,2,Champions
16587.0,232,1,225.14999999999995,3,At Risk
16617.0,235,1,151.85000000000002,3,At Risk
18227.0,217,2,388.75,3,At Risk
15063.0,213,1,370.7999999999999,3,At Risk
12590.0,211,2,9864.260000000004,0,Lost / Hibernating
12690.0,205,1,389.00999999999993,3,At Risk
15042.0,199,2,315.45000000000005,3,At Risk
15852.0,186,3,257.26,3,At Risk
16624.0,80,2,810.5699999999999,4,New / Promising
16323.0,196,2,353.66,3,At Risk
16969.0,39,3,650.41,4,New / Promising
14500.0,88,3,356.85,4,New / Promising
17124.0,185,1,298.89000000000004,3,At Risk
14622.0,184,1,320.58,3,At Risk
13343.0,177,1,353.43,3,At Risk
15585.0,176,1,455.30000000000007,3,At Risk
13618.0,173,1,177.34000000000003,3,At Risk
12837.0,173,2,688.4099999999999,0,Lost / Hibernating
15507.0,171,1,492.36,3,At Risk
13420.0,149,2,159.85,3,At Risk
17408.0,163,3,316.09000000000003,3,At Risk
17123.0,161,3,966.67,0,Lost / Hibernating
17312.0,138,3,644.3,0,Lost / Hibernating
18265.0,72,2,801.5100000000001,4,New / Promising
18024.0,152,2,389.78,3,At Risk
15839.0,33,3,1048.4900000000002,4,New / Promising
14331.0,124,2,462.66,0,Lost / Hibernating
13186.0,39,3,1575.89,4,New / Promising
16066.0,16,5,1521.87,2,Champions
15683.0,117,2,524.54,0,Lost / Hibernating
14772.0,112,1,139.26,3,At Risk
12968.0,112,1,135.95,3,At Risk
12518.0,0,5,2056.89,2,Champions
14529.0,60,3,620.0399999999998,4,New / Promising
13236.0,24,2,744.8499999999999,4,New / Promising
13812.0,42,3,539.0,4,New / Promising
14660.0,86,2,285.73999999999995,3,At Risk
13099.0,99,1,207.36,3,At Risk
14208.0,94,2,567.05,0,Lost / Hibernating
14359.0,19,3,912.18,4,New / Promising
12756.0,86,1,112.08,3,At Risk
14557.0,85,1,788.3800000000001,4,New / Promising
13279.0,78,1,137.75,3,At Risk
14806.0,75,2,303.43000000000006,4,New / Promising
14908.0,74,2,381.9,4,New / Promising
13639.0,74,2,1346.2700000000002,0,Lost / Hibernating
15175.0,71,1,224.14000000000007,3,At Risk
13354.0,71,1,743.5300000000003,4,New / Promising
13759.0,33,2,659.41,4,New / Promising
13364.0,71,1,134.96,3,At Risk
16478.0,25,3,331.00000000000006,4,New / Promising
16803.0,65,1,332.29999999999995,4,New / Promising
13882.0,2,5,1191.13,4,New / Promising
15612.0,36,2,195.15,4,New / Promising
14801.0,61,1,193.1399999999999,3,At Risk
16921.0,61,3,446.67,4,New / Promising
15330.0,32,2,714.96,4,New / Promising
14975.0,57,2,472.39,4,New / Promising
15113.0,9,3,3608.94,2,Champions
17824.0,51,1,298.4,4,New / Promising
17503.0,2,2,558.9599999999999,4,New / Promising
17947.0,37,1,176.68,4,New / Promising
13822.0,5,2,632.0000000000001,4,New / Promising
12544.0,36,1,372.7,4,New / Promising
14664.0,19,2,637.89,4,New / Promising
18209.0,28,1,139.10000000000002,4,New / Promising
13732.0,28,1,491.86,4,New / Promising
15654.0,9,2,922.5300000000002,4,New / Promising
13828.0,22,1,209.49000000000004,4,New / Promising
12702.0,19,1,219.0,4,New / Promising
14126.0,7,4,1172.46,4,New / Promising
17541.0,509,1,124.46000000000004,3,At Risk
17494.0,501,1,54.7,3,At Risk
14833.0,498,1,94.8,3,At Risk
13041.0,450,4,799.1299999999999,0,Lost / Hibernating
17665.0,493,1,563.1,3,At Risk
17792.0,467,2,370.0499999999998,3,At Risk
17599.0,477,1,52.05,3,At Risk
15702.0,476,1,112.57,3,At Risk
14187.0,473,1,123.5,3,At Risk
16375.0,470,2,104.0,3,At Risk
15779.0,463,2,124.08,3,At Risk
16100.0,462,1,582.6400000000001,3,At Risk
12859.0,458,1,575.0999999999999,3,At Risk
14444.0,456,1,132.04,3,At Risk
16815.0,453,2,410.97,3,At Risk
16646.0,449,1,678.7999999999998,3,At Risk
17161.0,444,1,856.0100000000001,3,At Risk
14933.0,443,4,1770.0,0,Lost / Hibernating
14611.0,443,2,604.3299999999999,0,Lost / Hibernating
17280.0,438,1,118.86,3,At Risk
18266.0,434,1,251.09999999999997,3,At Risk
14254.0,432,1,601.03,3,At Risk
12486.0,431,1,1037.2800000000002,0,Lost / Hibernating
12903.0,428,1,833.5300000000001,3,At Risk
15931.0,428,1,239.9,3,At Risk
13541.0,427,2,785.25,0,Lost / Hibernating
15177.0,425,1,948.9299999999998,0,Lost / Hibernating
14319.0,424,1,494.8499999999999,3,At Risk
16263.0,423,1,351.00999999999993,3,At Risk
12467.0,423,1,132.79999999999998,3,At Risk
16130.0,422,4,987.48,0,Lost / Hibernating
14296.0,421,2,456.4000000000001,3,At Risk
17202.0,420,1,160.65,3,At Risk
15742.0,619,1,156.86999999999998,3,At Risk
12671.0,606,1,2622.481000000001,0,Lost / Hibernating
14650.0,589,1,62.5,3,At Risk
15818.0,588,1,340.5,3,At Risk
13943.0,577,1,246.54,3,At Risk
16695.0,561,2,193.14999999999992,3,At Risk
17216.0,554,1,65.05000000000001,3,At Risk
18214.0,530,4,1780.3399999999997,0,Lost / Hibernating
17009.0,551,1,242.05999999999997,3,At Risk
13997.0,519,3,382.31,3,At Risk
17417.0,548,1,164.18,3,At Risk
15905.0,543,1,114.69000000000004,3,At Risk
16925.0,540,1,125.65,3,At Risk
15851.0,526,1,109.73,3,At Risk
12730.0,521,1,829.2500000000001,3,At Risk
17129.0,520,1,31.85,3,At Risk
18238.0,515,1,270.9200000000001,3,At Risk
12362.0,3,11,5356.23,1,Loyal Customers
16321.0,72,7,604.55,0,Lost / Hibernating
17998.0,380,3,639.24,0,Lost / Hibernating
15326.0,333,5,1700.5199999999998,0,Lost / Hibernating
15808.0,306,21,18409.929999999997,2,Champions
13748.0,95,9,2268.3500000000004,2,Champions
15602.0,8,16,3230.51,2,Champions
14000.0,211,5,2046.3400000000004,0,Lost / Hibernating
16131.0,51,12,9957.420000000002,2,Champions
14299.0,8,27,14499.49,1,Loyal Customers
15523.0,84,16,17359.99,2,Champions
13611.0,89,10,3319.53,2,Champions
16301.0,736,1,107.33,3,At Risk
17853.0,407,3,1608.1899999999998,0,Lost / Hibernating
16253.0,66,7,7310.15,2,Champions
16945.0,21,33,8548.159999999998,1,Loyal Customers
14295.0,40,4,2352.9100000000003,2,Champions
17043.0,32,8,2616.5499999999997,2,Champions
16143.0,3,12,4910.83,1,Loyal Customers
16843.0,42,35,19571.43,1,Loyal Customers
15109.0,245,3,983.1,0,Lost / Hibernating
16325.0,46,12,3597.5000000000005,2,Champions
17127.0,428,5,1155.0300000000002,0,Lost / Hibernating
13199.0,3,66,16417.89,1,Loyal Customers
14133.0,129,4,911.14,0,Lost / Hibernating
16395.0,60,14,3537.000000000002,2,Champions
15983.0,22,8,3958.82,2,Champions
14717.0,733,1,81.3,3,At Risk
17406.0,333,13,4905.050000000001,2,Champions
13211.0,10,10,2729.3200000000006,2,Champions
13491.0,51,27,4566.560000000001,2,Champions
13190.0,544,3,570.66,0,Lost / Hibernating
15358.0,4,42,17050.41,1,Loyal Customers
16684.0,4,55,147142.77000000002,1,Loyal Customers
13206.0,400,13,8377.320000000002,2,Champions
16353.0,3,38,9999.46,1,Loyal Customers
17457.0,126,14,5984.81,2,Champions
15369.0,492,11,6251.26,0,Lost / Hibernating
16735.0,78,14,6270.56,2,Champions
16940.0,52,8,6427.66,2,Champions
17512.0,28,18,5467.820000000001,2,Champions
15769.0,7,46,88704.32,1,Loyal Customers
15446.0,376,3,403.94999999999993,0,Lost / Hibernating
12439.0,682,2,1158.18,0,Lost / Hibernating
13013.0,1,29,12625.770000000002,1,Loyal Customers
16769.0,260,4,1141.7499999999998,0,Lost / Hibernating
17318.0,725,1,164.28,3,At Risk
17262.0,52,11,2757.62,2,Champions
15785.0,32,16,5969.93,2,Champions
15394.0,9,11,5286.800000000001,2,Champions
15184.0,29,4,689.95,4,New / Promising
18144.0,7,19,5058.000000000001,1,Loyal Customers
15863.0,25,5,358.70000000000005,4,New / Promising
15862.0,8,13,2923.1399999999994,2,Champions
16661.0,540,4,986.63,0,Lost / Hibernating
16720.0,26,3,603.4799999999999,4,New / Promising
17638.0,647,2,842.4,0,Lost / Hibernating
13510.0,1,11,4558.290000000001,1,Loyal Customers
13082.0,126,21,7335.75,2,Champions
17950.0,72,7,1432.8099999999995,2,Champions
14541.0,58,14,2499.68,2,Champions
15100.0,333,7,2894.7,0,Lost / Hibernating
13634.0,33,15,5027.78,2,Champions
18041.0,11,38,8752.380000000001,1,Loyal Customers
17871.0,204,5,1118.9899999999998,0,Lost / Hibernating
14461.0,148,13,6713.1100000000015,2,Champions
17773.0,514,2,585.27,0,Lost / Hibernating
12589.0,28,7,3639.9100000000008,2,Champions
14556.0,596,3,835.3399999999996,0,Lost / Hibernating
16085.0,23,12,2327.21,2,Champions
17180.0,56,11,2256.98,2,Champions
13192.0,95,6,2558.58,2,Champions
15727.0,16,15,9445.51,1,Loyal Customers
17584.0,7,6,5309.419999999999,2,Champions
16795.0,365,3,2492.3900000000003,0,Lost / Hibernating
13971.0,18,14,4667.570000000001,2,Champions
14365.0,394,2,634.6800000000002,0,Lost / Hibernating
15389.0,172,5,2733.8,0,Lost / Hibernating
13443.0,448,6,1276.37,0,Lost / Hibernating
17107.0,33,10,16075.420000000002,2,Champions
15167.0,320,5,1659.67,0,Lost / Hibernating
15784.0,467,2,848.3299999999999,0,Lost / Hibernating
16082.0,670,1,106.75,3,At Risk
12665.0,324,3,313.6,3,At Risk
17774.0,96,9,3327.0499999999997,2,Champions
17731.0,79,6,1708.9899999999996,2,Champions
12567.0,22,15,13709.86,1,Loyal Customers
13696.0,421,3,2020.4,0,Lost / Hibernating
13551.0,319,2,244.2,3,At Risk
16838.0,197,4,1159.61,0,Lost / Hibernating
18179.0,9,8,2547.55,2,Champions
13842.0,58,18,5629.91,2,Champions
13980.0,60,5,799.9200000000001,0,Lost / Hibernating
16273.0,648,2,336.04,3,At Risk
12360.0,52,8,4252.89,2,Champions
17667.0,66,9,3950.7,2,Champions
16519.0,25,4,554.16,4,New / Promising
17330.0,22,4,423.7999999999999,4,New / Promising
16946.0,383,5,1222.04,0,Lost / Hibernating
16177.0,50,8,2247.3100000000004,2,Champions
13793.0,646,1,96.0,3,At Risk
13873.0,119,8,1038.92,0,Lost / Hibernating
13214.0,417,7,3264.2300000000005,0,Lost / Hibernating
13377.0,396,2,1552.8800000000003,0,Lost / Hibernating
14426.0,23,17,11727.940000000002,1,Loyal Customers
13476.0,178,5,2061.4700000000003,0,Lost / Hibernating
13544.0,39,6,829.0000000000001,4,New / Promising
13799.0,116,9,2803.5699999999997,2,Champions
13276.0,63,5,1939.26,2,Champions
15221.0,366,4,2465.4500000000003,0,Lost / Hibernating
13530.0,634,1,402.98,3,At Risk
15227.0,36,9,2488.49,2,Champions
16652.0,58,16,17550.39,1,Loyal Customers
16008.0,23,15,5384.13,2,Champions
14928.0,627,1,223.91,3,At Risk
17552.0,60,12,3085.29,2,Champions
14596.0,626,1,229.4699999999999,3,At Risk
15105.0,18,9,3094.9099999999994,2,Champions
16970.0,626,1,71.4,3,At Risk
14166.0,505,2,256.85,3,At Risk
13445.0,626,1,241.9,3,At Risk
13988.0,19,8,4757.8,2,Champions
17001.0,0,19,6640.799999999999,1,Loyal Customers
14704.0,19,9,1781.2299999999996,2,Champions
12791.0,373,5,924.43,0,Lost / Hibernating
17068.0,12,47,9147.33,1,Loyal Customers
14688.0,7,28,7713.570000000002,1,Loyal Customers
13836.0,399,2,620.37,0,Lost / Hibernating
13031.0,407,5,3419.270000000002,0,Lost / Hibernating
15170.0,406,1,81.15,3,At Risk
17098.0,381,3,591.0699999999999,0,Lost / Hibernating
16767.0,30,15,8069.450000000001,2,Champions
15688.0,418,1,190.57,3,At Risk
14953.0,25,4,1011.27,4,New / Promising
14741.0,11,7,1897.59,2,Champions
15081.0,22,12,1965.72,2,Champions
16226.0,203,5,672.1699999999998,0,Lost / Hibernating
16491.0,46,2,1533.16,4,New / Promising
17260.0,411,1,120.95,3,At Risk
16770.0,57,9,1932.1300000000008,2,Champions
15796.0,1,17,5174.830000000001,1,Loyal Customers
14353.0,215,3,376.5,0,Lost / Hibernating
16962.0,409,1,251.03999999999996,3,At Risk
15373.0,8,17,3421.39,1,Loyal Customers
13246.0,18,11,3387.4300000000007,2,Champions
15981.0,24,21,9362.77,1,Loyal Customers
16784.0,19,5,896.53,4,New / Promising
14805.0,15,7,1104.64,2,Champions
14429.0,403,1,516.28,3,At Risk
13359.0,63,2,1043.31,4,New / Promising
15724.0,201,3,310.85,3,At Risk
16391.0,400,4,1100.2099999999994,0,Lost / Hibernating
17286.0,21,3,395.48,4,New / Promising
16350.0,21,9,2253.89,2,Champions
15347.0,366,4,1363.6,0,Lost / Hibernating
16455.0,63,11,4384.37,2,Champions
12778.0,19,9,1775.68,2,Champions
17548.0,233,4,731.2599999999998,0,Lost / Hibernating
13691.0,396,1,210.77999999999992,3,At Risk
14725.0,24,4,1309.36,4,New / Promising
15138.0,393,1,502.5199999999999,3,At Risk
17688.0,393,1,304.20000000000005,3,At Risk
13226.0,273,2,312.46000000000004,3,At Risk
14600.0,305,2,865.1699999999998,0,Lost / Hibernating
13961.0,392,1,538.4000000000001,3,At Risk
16121.0,57,5,1477.09,2,Champions
13545.0,390,2,374.64,3,At Risk
18044.0,4,18,3505.61,1,Loyal Customers
14192.0,388,1,293.74,3,At Risk
14417.0,387,1,604.1999999999996,3,At Risk
15515.0,387,1,171.80999999999997,3,At Risk
12890.0,24,2,717.2699999999998,4,New / Promising
16279.0,21,9,5705.08,2,Champions
12553.0,8,12,4608.75,2,Champions
17680.0,23,3,497.44999999999993,4,New / Promising
17713.0,382,4,1198.09,0,Lost / Hibernating
16821.0,381,1,113.35,3,At Risk
15864.0,22,7,2180.76,2,Champions
15951.0,8,3,1013.1699999999998,4,New / Promising
17720.0,26,10,2768.91,2,Champions
17989.0,379,1,228.83,3,At Risk
15210.0,225,3,1176.1899999999996,0,Lost / Hibernating
15212.0,241,2,208.27999999999997,3,At Risk
16356.0,197,6,415.87000000000006,0,Lost / Hibernating
12767.0,375,1,949.82,0,Lost / Hibernating
14078.0,101,9,1690.98,2,Champions
15922.0,373,1,739.0,3,At Risk
18011.0,373,2,527.03,3,At Risk
17194.0,360,2,776.6599999999999,0,Lost / Hibernating
15062.0,71,8,2585.62,2,Champions
16816.0,103,4,417.06,0,Lost / Hibernating
14334.0,16,12,4318.4800000000005,2,Champions
16270.0,353,1,1141.2399999999996,0,Lost / Hibernating
16112.0,143,4,195.74,3,At Risk
15464.0,338,1,1048.8500000000006,0,Lost / Hibernating
17800.0,37,9,1198.01,2,Champions
15033.0,4,10,2583.37,2,Champions
17064.0,58,3,859.35,4,New / Promising
14916.0,70,8,3042.9500000000003,2,Champions
13742.0,16,12,3131.0200000000004,2,Champions
12502.0,95,5,3723.87,2,Champions
12410.0,308,3,1013.71,0,Lost / Hibernating
17105.0,159,2,665.78,0,Lost / Hibernating
17537.0,29,2,897.6200000000003,4,New / Promising
12462.0,18,2,1189.59,4,New / Promising
16317.0,119,5,2192.51,0,Lost / Hibernating
16494.0,296,1,826.5299999999999,3,At Risk
13012.0,9,11,2972.83,2,Champions
13904.0,37,2,332.63999999999993,4,New / Promising
15932.0,4,8,2495.87,2,Champions
17117.0,288,1,116.19999999999996,3,At Risk
18056.0,288,2,554.5999999999999,0,Lost / Hibernating
13345.0,287,1,389.50000000000006,3,At Risk
16598.0,285,1,145.05,3,At Risk
12866.0,283,3,1227.35,0,Lost / Hibernating
13014.0,10,11,5381.080000000001,2,Champions
16449.0,197,2,707.6899999999998,0,Lost / Hibernating
17535.0,280,1,164.39999999999998,3,At Risk
14226.0,28,6,3002.5299999999993,2,Champions
12994.0,4,3,974.42,4,New / Promising
16672.0,2,20,8134.940000000001,1,Loyal Customers
14066.0,266,1,152.55,3,At Risk
12831.0,262,3,451.11,0,Lost / Hibernating
15644.0,166,4,812.9999999999998,0,Lost / Hibernating
17440.0,156,4,323.58,0,Lost / Hibernating
13950.0,11,4,745.06,4,New / Promising
13752.0,124,7,1590.7299999999998,0,Lost / Hibernating
13005.0,173,4,999.68,0,Lost / Hibernating
18040.0,19,2,357.20000000000005,4,New / Promising
14844.0,63,10,6702.4299999999985,2,Champions
16806.0,103,4,775.5399999999995,0,Lost / Hibernating
17120.0,233,1,307.46,3,At Risk
12506.0,232,1,73.50000000000003,3,At Risk
14759.0,4,3,1625.97,4,New / Promising
17061.0,73,11,5232.2300000000005,2,Champions
15128.0,60,5,1783.6800000000003,2,Champions
16990.0,218,2,344.0,3,At Risk
17578.0,218,7,1047.3300000000002,0,Lost / Hibernating
17174.0,217,1,59.9,3,At Risk
14691.0,30,5,2114.33,2,Champions
17505.0,161,5,2435.4799999999996,0,Lost / Hibernating
13062.0,191,1,346.98,3,At Risk
15405.0,189,2,659.8399999999999,0,Lost / Hibernating
15969.0,2,5,1127.05,4,New / Promising
17015.0,28,3,1842.56,4,New / Promising
12694.0,70,3,1843.35,0,Lost / Hibernating
14503.0,3,6,3543.26,2,Champions
12816.0,95,2,572.2,0,Lost / Hibernating
15825.0,172,1,532.94,3,At Risk
12379.0,81,4,1620.22,0,Lost / Hibernating
15130.0,169,1,330.11,3,At Risk
12548.0,166,1,95.2,3,At Risk
14351.0,164,1,51.0,3,At Risk
12424.0,162,4,3340.0300000000007,0,Lost / Hibernating
16866.0,140,3,207.74,3,At Risk
16929.0,3,7,1295.3900000000003,2,Champions
12722.0,85,4,997.63,0,Lost / Hibernating
13116.0,138,1,501.14,3,At Risk
14305.0,71,3,1858.96,0,Lost / Hibernating
15118.0,134,1,244.8,3,At Risk
14143.0,133,1,115.8,3,At Risk
18081.0,36,3,343.45000000000005,4,New / Promising
14567.0,56,2,1530.36,4,New / Promising
12828.0,2,6,1018.71,4,New / Promising
17656.0,73,5,1674.6899999999998,0,Lost / Hibernating
15653.0,92,2,877.4399999999999,0,Lost / Hibernating
12641.0,115,1,185.9,3,At Risk
15801.0,46,3,1063.9499999999998,4,New / Promising
14418.0,3,3,1937.25,4,New / Promising
16968.0,4,2,439.43000000000006,4,New / Promising
16340.0,107,3,1526.06,0,Lost / Hibernating
15690.0,4,2,239.76,4,New / Promising
18027.0,98,1,115.31,3,At Risk
13210.0,93,1,353.47999999999996,3,At Risk
15488.0,92,5,431.92,0,Lost / Hibernating
13272.0,31,2,276.56,4,New / Promising
14250.0,7,3,1904.0500000000009,4,New / Promising
14753.0,87,2,869.51,0,Lost / Hibernating
15933.0,21,3,1107.46,4,New / Promising
17144.0,1,2,984.57,4,New / Promising
13323.0,3,5,787.8499999999999,4,New / Promising
15947.0,82,1,1708.2400000000002,0,Lost / Hibernating
16627.0,79,1,322.8,3,At Risk
15593.0,70,1,199.8,3,At Risk
13558.0,5,4,605.06,4,New / Promising
16747.0,37,2,836.06,4,New / Promising
15739.0,66,1,449.12000000000006,4,New / Promising
13504.0,64,1,295.93,4,New / Promising
14592.0,35,3,570.4599999999998,4,New / Promising
17119.0,3,2,606.91,4,New / Promising
15335.0,53,1,173.97000000000003,3,At Risk
16363.0,53,1,109.36,3,At Risk
16313.0,3,2,274.15000000000003,4,New / Promising
16311.0,17,2,616.26,4,New / Promising
15677.0,49,3,1305.63,4,New / Promising
14474.0,46,2,1278.0800000000004,4,New / Promising
13697.0,38,1,151.3,4,New / Promising
18164.0,37,1,399.65,4,New / Promising
13271.0,37,1,217.3799999999999,4,New / Promising
18123.0,24,3,684.5899999999999,4,New / Promising
16759.0,7,3,789.79,4,New / Promising
14582.0,40,1,114.11,4,New / Promising
17590.0,2,3,1477.97,4,New / Promising
15444.0,9,2,1418.2600000000016,4,New / Promising
14039.0,33,2,267.28,4,New / Promising
15463.0,29,1,126.14,4,New / Promising
17502.0,9,4,689.0999999999999,4,New / Promising
14661.0,26,1,107.95,4,New / Promising
12938.0,25,1,114.14,4,New / Promising
17793.0,25,1,323.03999999999996,4,New / Promising
17904.0,21,1,191.66999999999993,4,New / Promising
13142.0,19,1,307.0899999999999,4,New / Promising
17253.0,18,1,178.26,4,New / Promising
15877.0,1,2,493.28,4,New / Promising
13332.0,14,1,350.9,4,New / Promising
13256.0,14,1,0.0,3,At Risk
13188.0,11,1,114.6,4,New / Promising
16479.0,10,2,300.83,4,New / Promising
15904.0,8,1,164.67999999999998,4,New / Promising
16789.0,8,1,80.8,4,New / Promising
12587.0,7,1,144.0,4,New / Promising
15539.0,7,1,538.46,4,New / Promising
13017.0,7,1,204.0,4,New / Promising
14486.0,511,2,175.5,3,At Risk
12595.0,504,1,299.02000000000004,3,At Risk
16075.0,502,2,736.93,0,Lost / Hibernating
13250.0,460,2,256.04,3,At Risk
16894.0,502,3,1324.0600000000015,0,Lost / Hibernating
12862.0,425,2,1008.3200000000004,0,Lost / Hibernating
14734.0,425,4,1056.4199999999998,0,Lost / Hibernating
15817.0,420,3,2766.4000000000005,0,Lost / Hibernating
13084.0,491,1,122.4,3,At Risk
16890.0,476,3,277.90999999999997,3,At Risk
18182.0,463,1,291.13,3,At Risk
14318.0,460,1,158.02000000000004,3,At Risk
16095.0,456,1,447.05000000000007,3,At Risk
15871.0,437,1,33.099999999999994,3,At Risk
13326.0,432,1,281.76,3,At Risk
14663.0,430,2,490.59999999999974,3,At Risk
13968.0,423,1,123.66,3,At Risk
18090.0,421,1,349.4,3,At Risk
17823.0,421,2,494.2500000000001,3,At Risk
13412.0,620,1,487.35,3,At Risk
15575.0,619,1,30.1,3,At Risk
17586.0,619,1,167.4,3,At Risk
14791.0,606,1,303.63,3,At Risk
17474.0,599,1,1047.0,0,Lost / Hibernating
14773.0,592,1,140.55,3,At Risk
16088.0,575,2,1437.43,0,Lost / Hibernating
15391.0,584,1,289.87,3,At Risk
18028.0,583,1,192.05,3,At Risk
12894.0,575,1,157.35,3,At Risk
14017.0,571,1,229.75000000000003,3,At Risk
16046.0,562,1,235.78,3,At Risk
12911.0,551,1,1680.4700000000005,0,Lost / Hibernating
15816.0,542,2,144.15,3,At Risk
13085.0,157,8,2433.2800000000007,2,Champions
15362.0,448,2,613.0799999999999,0,Lost / Hibernating
14110.0,3,33,12987.949999999995,1,Loyal Customers
17519.0,17,15,5109.470000000001,2,Champions
16011.0,8,29,5878.76,1,Loyal Customers
14543.0,28,39,14872.12,1,Loyal Customers
16763.0,198,2,964.7000000000002,0,Lost / Hibernating
17243.0,1,69,20870.959999999995,1,Loyal Customers
15265.0,151,4,3345.6400000000012,0,Lost / Hibernating
16701.0,8,26,9916.730000000003,1,Loyal Customers
15680.0,9,10,4507.580000000001,2,Champions
14467.0,17,12,2220.99,2,Champions
18108.0,254,3,848.8100000000002,0,Lost / Hibernating
16086.0,59,10,2864.99,2,Champions
12435.0,79,6,13925.929999999997,2,Champions
14122.0,406,3,362.42,3,At Risk
14347.0,736,1,82.60000000000001,3,At Risk
17314.0,24,17,4904.43,2,Champions
14952.0,59,32,17629.350000000002,1,Loyal Customers
14291.0,1,23,7904.0999999999985,1,Loyal Customers
12712.0,28,21,7193.66,1,Loyal Customers
14173.0,10,6,586.0,4,New / Promising
14593.0,21,12,3704.5100000000016,2,Champions
17954.0,5,19,3963.500000000002,1,Loyal Customers
17296.0,730,1,338.13,3,At Risk
14099.0,16,20,5765.710000000001,1,Loyal Customers
17679.0,52,7,3577.6100000000006,2,Champions
14680.0,25,58,57412.77,1,Loyal Customers
12510.0,142,7,3767.03,2,Champions
13162.0,122,16,9275.489999999998,2,Champions
16351.0,332,13,3330.03,2,Champions
17018.0,40,6,2287.7,2,Champions
13589.0,14,6,1120.74,2,Champions
17920.0,4,54,24492.66000000001,1,Loyal Customers
15751.0,460,11,1380.4399999999998,0,Lost / Hibernating
13319.0,5,58,22082.499999999993,1,Loyal Customers
13890.0,1,14,2927.38,1,Loyal Customers
16686.0,47,16,5070.92,2,Champions
17610.0,540,5,1529.4900000000005,0,Lost / Hibernating
14037.0,176,6,836.9500000000002,0,Lost / Hibernating
16018.0,39,4,698.13,4,New / Promising
14063.0,686,7,9471.499999999998,0,Lost / Hibernating
14605.0,374,4,936.31,0,Lost / Hibernating
15823.0,729,2,3867.170000000001,0,Lost / Hibernating
17027.0,78,9,1327.1099999999997,2,Champions
13173.0,4,11,2629.35,2,Champions
14648.0,416,15,4543.6,2,Champions
15032.0,256,8,13780.649999999998,2,Champions
17351.0,36,12,1964.3799999999997,2,Champions
13735.0,24,13,9813.219999999998,2,Champions
17819.0,71,12,6612.52,2,Champions
17799.0,22,20,6341.89,1,Loyal Customers
16098.0,87,14,4448.1,2,Champions
16554.0,42,8,2841.7199999999993,2,Champions
13050.0,14,34,12235.3,1,Loyal Customers
15637.0,52,5,797.5899999999999,4,New / Promising
16119.0,8,8,1720.8100000000002,2,Champions
17776.0,386,2,337.3,3,At Risk
14055.0,106,3,1520.96,0,Lost / Hibernating
16439.0,722,1,310.70000000000005,3,At Risk
15879.0,404,4,1157.2999999999995,0,Lost / Hibernating
13995.0,15,14,3902.01,2,Champions
18190.0,192,5,745.62,0,Lost / Hibernating
15865.0,40,5,2248.92,2,Champions
15152.0,9,14,5263.83,1,Loyal Customers
12549.0,575,6,1575.68,0,Lost / Hibernating
16841.0,36,12,4006.059999999999,2,Champions
15002.0,115,9,4817.28,2,Champions
15046.0,9,25,7793.439999999999,1,Loyal Customers
18057.0,393,3,1182.3900000000003,0,Lost / Hibernating
14442.0,204,7,5367.0199999999995,2,Champions
13982.0,39,9,4445.589999999999,2,Champions
15095.0,103,10,3141.64,2,Champions
15885.0,92,14,1936.8199999999997,2,Champions
15682.0,599,2,318.24,3,At Risk
17242.0,108,5,2889.2799999999997,0,Lost / Hibernating
12703.0,71,4,1006.5299999999996,0,Lost / Hibernating
16255.0,16,15,4906.800000000001,2,Champions
14628.0,91,5,1998.0,0,Lost / Hibernating
14672.0,234,4,1113.14,0,Lost / Hibernating
14469.0,416,4,2112.21,0,Lost / Hibernating
14068.0,320,4,1528.37,0,Lost / Hibernating
16014.0,37,5,1130.27,4,New / Promising
16840.0,603,2,139.85,3,At Risk
16834.0,227,2,898.96,0,Lost / Hibernating
15023.0,3,20,12147.53,1,Loyal Customers
14497.0,309,2,697.06,0,Lost / Hibernating
16266.0,73,14,1757.9499999999998,2,Champions
13874.0,358,7,2049.15,0,Lost / Hibernating
18267.0,672,1,269.36999999999995,3,At Risk
13834.0,576,2,324.19,3,At Risk
17083.0,109,9,4049.79,2,Champions
12670.0,10,7,3760.29,2,Champions
16608.0,453,2,1288.7200000000005,0,Lost / Hibernating
17340.0,29,18,22404.82,1,Loyal Customers
17778.0,661,1,197.7,3,At Risk
16911.0,635,2,255.24999999999991,3,At Risk
14244.0,660,1,366.4200000000001,3,At Risk
14152.0,75,7,1997.3399999999997,2,Champions
12891.0,185,11,840.5,0,Lost / Hibernating
18257.0,39,12,4585.150000000001,2,Champions
13552.0,66,22,6978.92,2,Champions
17332.0,528,5,827.7699999999998,0,Lost / Hibernating
15928.0,656,1,293.53000000000003,3,At Risk
16450.0,149,3,1505.7300000000002,0,Lost / Hibernating
13434.0,74,5,1666.86,0,Lost / Hibernating
13772.0,33,8,3114.2200000000003,2,Champions
13490.0,654,1,154.25,3,At Risk
13883.0,10,14,6535.370000000001,1,Loyal Customers
13561.0,215,11,1820.72,0,Lost / Hibernating
17373.0,40,7,1167.5,2,Champions
17477.0,612,2,1144.3,0,Lost / Hibernating
16960.0,38,8,2041.4800000000005,2,Champions
13835.0,25,7,1095.2700000000002,2,Champions
13515.0,72,6,1265.8199999999997,2,Champions
12514.0,267,2,1597.7600000000002,0,Lost / Hibernating
17672.0,50,6,5663.74,2,Champions
16568.0,427,2,1020.9,0,Lost / Hibernating
16182.0,72,9,9971.65,2,Champions
16854.0,417,2,1408.9600000000005,0,Lost / Hibernating
15941.0,637,1,405.0,3,At Risk
15117.0,14,8,2485.97,2,Champions
18196.0,95,4,1462.3900000000003,0,Lost / Hibernating
18247.0,414,3,839.73,0,Lost / Hibernating
17472.0,191,4,935.0999999999998,0,Lost / Hibernating
15869.0,277,3,323.65999999999997,3,At Risk
17353.0,129,4,3242.0,0,Lost / Hibernating
15698.0,624,1,46.2,3,At Risk
16286.0,477,2,328.95,3,At Risk
14994.0,382,5,956.6799999999996,0,Lost / Hibernating
12421.0,15,6,1098.6,2,Champions
13368.0,256,4,1121.5,0,Lost / Hibernating
15995.0,414,1,696.1900000000003,3,At Risk
14294.0,407,1,375.3399999999999,3,At Risk
12705.0,15,14,11762.1,1,Loyal Customers
12838.0,33,10,3398.4800000000014,2,Champions
16810.0,192,2,842.04,0,Lost / Hibernating
17597.0,213,5,3484.0900000000006,0,Lost / Hibernating
15958.0,74,4,492.98999999999984,4,New / Promising
16133.0,3,56,22992.26,1,Loyal Customers
13554.0,380,7,1638.2800000000009,0,Lost / Hibernating
16919.0,156,24,5125.910000000002,2,Champions
16392.0,269,3,761.8,0,Lost / Hibernating
15314.0,199,3,820.4499999999999,0,Lost / Hibernating
13155.0,33,6,1750.18,2,Champions
16010.0,245,11,1724.0600000000004,0,Lost / Hibernating
12494.0,15,9,1872.87,2,Champions
15248.0,411,3,1893.9299999999996,0,Lost / Hibernating
16920.0,411,1,355.45,3,At Risk
15294.0,410,1,233.35,3,At Risk
14690.0,44,4,794.3299999999999,4,New / Promising
14475.0,71,4,1151.15,0,Lost / Hibernating
13692.0,24,5,3114.4000000000005,2,Champions
12349.0,18,4,4428.69,2,Champions
17609.0,40,11,1881.7999999999993,2,Champions
13760.0,54,5,1363.64,2,Champions
14506.0,17,7,3290.670000000001,2,Champions
15158.0,45,2,606.0200000000001,4,New / Promising
16012.0,35,5,2989.7900000000004,2,Champions
13172.0,400,1,69.6,3,At Risk
16128.0,17,11,3801.0499999999993,2,Champions
14129.0,1,9,2591.34,2,Champions
13884.0,7,10,1888.48,2,Champions
17756.0,375,3,733.6999999999998,0,Lost / Hibernating
13096.0,394,1,419.7000000000001,3,At Risk
12739.0,78,4,2473.7299999999996,0,Lost / Hibernating
13614.0,24,6,2359.1899999999996,2,Champions
17308.0,393,2,4511.76,0,Lost / Hibernating
16690.0,72,4,353.03000000000003,4,New / Promising
15681.0,25,14,2989.7,2,Champions
17004.0,46,4,2425.1599999999994,2,Champions
15024.0,9,16,4075.51,1,Loyal Customers
13601.0,45,4,1185.14,4,New / Promising
14024.0,121,3,645.74,0,Lost / Hibernating
14052.0,19,2,480.80999999999995,4,New / Promising
17545.0,43,6,1448.54,2,Champions
13262.0,263,3,573.45,0,Lost / Hibernating
17106.0,389,1,491.22999999999985,3,At Risk
14614.0,386,1,295.13,3,At Risk
13124.0,89,4,4782.449999999999,2,Champions
15114.0,30,12,3400.119999999999,2,Champions
16252.0,382,1,295.09000000000003,3,At Risk
15133.0,127,5,1806.9,0,Lost / Hibernating
12897.0,204,4,514.25,0,Lost / Hibernating
18118.0,10,29,6730.820000000004,1,Loyal Customers
12434.0,84,3,1103.4299999999998,0,Lost / Hibernating
15134.0,14,10,1596.29,2,Champions
15262.0,323,3,418.82,0,Lost / Hibernating
12910.0,23,13,5796.52,2,Champions
12863.0,52,6,2792.55,2,Champions
16042.0,22,8,2265.12,2,Champions
15872.0,14,4,795.6799999999996,4,New / Promising
18003.0,376,1,358.61,3,At Risk
17722.0,96,5,4430.360000000001,2,Champions
14510.0,375,3,1007.28,0,Lost / Hibernating
13955.0,154,3,545.17,0,Lost / Hibernating
12947.0,143,6,1908.03,0,Lost / Hibernating
17925.0,372,1,488.16,3,At Risk
16752.0,372,1,415.0,3,At Risk
15574.0,177,6,1518.7,0,Lost / Hibernating
18239.0,218,6,2150.3599999999997,0,Lost / Hibernating
16926.0,371,5,1421.35,0,Lost / Hibernating
13838.0,5,10,1966.0900000000008,2,Champions
15502.0,15,12,10532.52,1,Loyal Customers
12808.0,36,5,906.1,4,New / Promising
17341.0,156,5,1889.8299999999997,0,Lost / Hibernating
17524.0,361,3,539.1399999999999,0,Lost / Hibernating
13324.0,36,18,10513.470000000005,1,Loyal Customers
16134.0,21,5,2145.3399999999997,2,Champions
16153.0,49,11,5133.490000000001,2,Champions
12515.0,353,1,383.7,3,At Risk
12626.0,23,9,6620.480000000001,2,Champions
13396.0,29,2,1360.9899999999998,4,New / Promising
13328.0,316,1,1308.48,0,Lost / Hibernating
13894.0,23,3,564.62,4,New / Promising
15090.0,308,1,381.3200000000001,3,At Risk
17859.0,304,1,148.21,3,At Risk
16951.0,134,3,1277.750000000001,0,Lost / Hibernating
15406.0,31,4,975.8699999999995,4,New / Promising
14386.0,296,1,142.4,3,At Risk
15670.0,296,2,325.20000000000005,3,At Risk
13718.0,246,2,306.55,3,At Risk
14162.0,173,2,289.36,3,At Risk
13751.0,288,1,296.24999999999994,3,At Risk
15092.0,215,3,776.46,0,Lost / Hibernating
14504.0,47,4,673.2599999999995,4,New / Promising
14336.0,16,4,1614.9100000000003,4,New / Promising
14727.0,274,3,465.23,0,Lost / Hibernating
16976.0,267,1,251.52,3,At Risk
15648.0,204,2,657.3499999999999,0,Lost / Hibernating
14059.0,266,1,183.59999999999997,3,At Risk
14245.0,219,2,1693.4499999999998,0,Lost / Hibernating
15410.0,84,10,4685.720000000001,2,Champions
13035.0,73,3,1364.1999999999998,0,Lost / Hibernating
17979.0,35,4,754.31,4,New / Promising
17874.0,185,6,683.4600000000002,0,Lost / Hibernating
17669.0,42,10,6142.35,2,Champions
14747.0,249,1,328.2,3,At Risk
15442.0,248,1,594.0,3,At Risk
16906.0,81,7,1447.9499999999998,2,Champions
16031.0,92,2,548.94,4,New / Promising
14931.0,4,4,964.68,4,New / Promising
16309.0,106,2,706.5699999999999,0,Lost / Hibernating
13122.0,94,2,922.3900000000002,0,Lost / Hibernating
14973.0,107,3,1314.4500000000005,0,Lost / Hibernating
13003.0,105,3,149.05,3,At Risk
12592.0,92,4,1867.6400000000008,0,Lost / Hibernating
17932.0,29,3,1331.5699999999997,4,New / Promising
17970.0,211,1,582.5899999999999,3,At Risk
15826.0,56,4,2598.28,2,Champions
15599.0,26,3,1250.06,4,New / Promising
13885.0,189,2,506.8000000000001,0,Lost / Hibernating
18232.0,81,4,592.97,0,Lost / Hibernating
18073.0,114,12,3877.520000000002,2,Champions
14280.0,196,1,134.04,3,At Risk
16880.0,30,8,1840.8600000000004,2,Champions
15453.0,1,7,1388.3699999999994,2,Champions
15462.0,94,4,737.05,0,Lost / Hibernating
15743.0,16,4,784.46,4,New / Promising
15609.0,184,1,298.48,3,At Risk
17444.0,147,3,2940.0400000000013,0,Lost / Hibernating
12697.0,28,3,957.59,4,New / Promising
14795.0,166,1,131.45,3,At Risk
15007.0,159,1,156.91000000000005,3,At Risk
16338.0,157,1,214.80000000000004,3,At Risk
12977.0,156,4,517.6299999999999,0,Lost / Hibernating
16174.0,126,7,2246.75,2,Champions
14265.0,109,4,1373.35,0,Lost / Hibernating
13994.0,3,6,2313.1400000000003,2,Champions
12833.0,145,1,417.37999999999994,3,At Risk
17229.0,96,2,318.76,3,At Risk
12627.0,10,7,4478.530000000002,2,Champions
15618.0,32,4,776.851,4,New / Promising
17173.0,5,8,3766.6,2,Champions
14079.0,124,1,375.1,3,At Risk
17653.0,36,4,1207.5600000000002,4,New / Promising
15706.0,63,4,1060.56,0,Lost / Hibernating
15541.0,114,1,85.13000000000002,3,At Risk
15313.0,110,1,52.0,3,At Risk
14387.0,32,3,1770.5600000000004,4,New / Promising
16429.0,106,1,284.55,3,At Risk
12436.0,99,1,509.0100000000001,3,At Risk
17481.0,3,4,1255.59,4,New / Promising
15035.0,89,1,252.72999999999996,3,At Risk
12566.0,86,1,351.65000000000003,3,At Risk
12995.0,85,1,211.32,3,At Risk
15099.0,84,1,410.48,3,At Risk
17564.0,24,3,454.01,4,New / Promising
12425.0,78,2,1741.41,0,Lost / Hibernating
13127.0,77,1,259.16999999999996,3,At Risk
15429.0,26,2,397.35,4,New / Promising
12783.0,2,4,1603.8699999999997,4,New / Promising
13390.0,74,1,544.0799999999999,4,New / Promising
16181.0,73,1,305.5400000000001,3,At Risk
14434.0,21,6,1372.8000000000002,2,Champions
13960.0,21,2,230.22,4,New / Promising
13095.0,70,1,74.4,3,At Risk
12740.0,63,1,427.5999999999999,4,New / Promising
17425.0,19,2,759.1699999999995,4,New / Promising
13352.0,60,1,397.9800000000001,4,New / Promising
16171.0,59,1,73.2,3,At Risk
16753.0,58,1,223.92,4,New / Promising
13006.0,56,1,81.57,3,At Risk
16737.0,53,2,835.1999999999999,4,New / Promising
15066.0,53,1,893.59,4,New / Promising
14015.0,52,1,917.34,4,New / Promising
14554.0,10,4,2381.0399999999995,2,Champions
15427.0,33,3,1483.1399999999992,4,New / Promising
15345.0,45,1,393.54,4,New / Promising
15096.0,42,1,219.39,4,New / Promising
18030.0,4,2,230.64999999999995,4,New / Promising
18104.0,37,1,754.6400000000002,4,New / Promising
16337.0,36,1,151.05,4,New / Promising
12581.0,39,1,197.71,4,New / Promising
13938.0,35,1,71.66,3,At Risk
13673.0,18,2,396.9199999999999,4,New / Promising
16070.0,22,2,852.15,4,New / Promising
12532.0,30,1,349.83,4,New / Promising
17538.0,25,1,98.42000000000002,4,New / Promising
18082.0,25,1,703.3699999999997,4,New / Promising
16423.0,24,1,346.12,4,New / Promising
13449.0,23,1,291.88,4,New / Promising
12618.0,21,1,177.31,4,New / Promising
14300.0,18,1,43.2,4,New / Promising
18139.0,17,6,8438.339999999997,2,Champions
12784.0,9,3,1804.7500000000005,4,New / Promising
15725.0,15,1,415.2500000000001,4,New / Promising
13790.0,4,1,348.79999999999995,4,New / Promising
16251.0,512,1,128.31,3,At Risk
12696.0,434,2,851.9100000000001,0,Lost / Hibernating
14858.0,505,1,180.75,3,At Risk
13796.0,499,1,289.7,3,At Risk
16417.0,492,1,35.7,3,At Risk
14182.0,443,4,678.77,0,Lost / Hibernating
14153.0,483,1,233.39999999999992,3,At Risk
14531.0,479,1,376.34,3,At Risk
16396.0,476,1,137.8,3,At Risk
17005.0,470,2,742.36,0,Lost / Hibernating
13440.0,423,7,1295.250000000001,0,Lost / Hibernating
16857.0,442,1,352.8,3,At Risk
14228.0,437,3,745.5000000000001,0,Lost / Hibernating
18049.0,437,2,556.0999999999999,3,At Risk
14843.0,436,1,211.79999999999995,3,At Risk
12661.0,436,1,162.00000000000003,3,At Risk
14707.0,435,2,139.2,3,At Risk
16044.0,435,1,340.84,3,At Risk
14266.0,428,1,40.56,3,At Risk
14846.0,427,1,437.4,3,At Risk
15112.0,611,1,209.4,3,At Risk
15231.0,621,1,250.25999999999993,3,At Risk
13051.0,578,2,155.8,3,At Risk
17185.0,591,3,229.45999999999995,3,At Risk
13625.0,596,1,301.26,3,At Risk
15548.0,595,1,158.08999999999995,3,At Risk
16538.0,541,3,399.61999999999995,3,At Risk
17808.0,548,4,262.64000000000004,3,At Risk
14982.0,572,1,234.88,3,At Risk
15559.0,568,1,1109.3999999999996,0,Lost / Hibernating
15731.0,553,1,125.3,3,At Risk
14028.0,550,3,10396.5,0,Lost / Hibernating
17784.0,550,1,112.85999999999996,3,At Risk
18103.0,549,1,105.8,3,At Risk
12774.0,535,1,98.7,3,At Risk
14774.0,528,1,241.45,3,At Risk
13758.0,11,14,9314.14,1,Loyal Customers
17865.0,30,46,26372.289999999994,1,Loyal Customers
14911.0,1,375,284029.6100000007,1,Loyal Customers
14040.0,40,35,12645.570000000003,1,Loyal Customers
14341.0,45,18,4467.320000000001,2,Champions
12490.0,5,21,9823.64,1,Loyal Customers
16887.0,35,3,660.72,4,New / Promising
13648.0,400,8,1764.0200000000004,0,Lost / Hibernating
12980.0,157,21,16245.78,2,Champions
13269.0,1,28,8891.7,1,Loyal Customers
14653.0,1,11,3426.28,1,Loyal Customers
14440.0,8,13,6638.730000000001,1,Loyal Customers
16711.0,3,9,2868.4800000000005,2,Champions
16126.0,29,15,14646.8,1,Loyal Customers
12437.0,1,39,12683.399999999998,1,Loyal Customers
12934.0,736,1,181.65,3,At Risk
17322.0,376,5,922.59,0,Lost / Hibernating
17293.0,8,17,3774.23,1,Loyal Customers
17329.0,14,5,1004.43,4,New / Promising
15633.0,509,13,4352.460000000001,0,Lost / Hibernating
14171.0,98,2,498.79,4,New / Promising
16933.0,1,9,3181.250000000001,2,Champions
14755.0,9,25,9972.55,1,Loyal Customers
14713.0,9,21,5418.469999999999,1,Loyal Customers
13154.0,399,3,1624.84,0,Lost / Hibernating
13666.0,60,5,127.05,4,New / Promising
16891.0,1,11,2056.82,2,Champions
15240.0,44,12,4459.9800000000005,2,Champions
15057.0,275,5,3255.96,0,Lost / Hibernating
17642.0,119,5,1824.49,0,Lost / Hibernating
13782.0,12,13,1793.7199999999998,2,Champions
16718.0,369,5,3647.5299999999993,0,Lost / Hibernating
16436.0,668,3,329.34,3,At Risk
12839.0,2,26,10071.73,1,Loyal Customers
15716.0,145,11,3054.29,2,Champions
14590.0,424,20,3006.6200000000003,2,Champions
13070.0,192,4,751.7,0,Lost / Hibernating
13393.0,583,4,1131.4500000000005,0,Lost / Hibernating
12358.0,1,5,3887.07,2,Champions
16400.0,94,9,3159.44,2,Champions
15031.0,4,14,3156.58,1,Loyal Customers
12989.0,3,33,13551.75,1,Loyal Customers
16293.0,21,15,4657.95,2,Champions
15197.0,10,6,1877.51,2,Champions
15144.0,8,29,12160.31,1,Loyal Customers
17066.0,726,1,228.34000000000003,3,At Risk
15562.0,351,3,673.3799999999999,0,Lost / Hibernating
17825.0,598,4,731.96,0,Lost / Hibernating
16327.0,14,16,10670.14,1,Loyal Customers
12920.0,17,4,488.0899999999999,4,New / Promising
14329.0,17,15,9927.220000000005,1,Loyal Customers
13520.0,58,11,6909.4,2,Champions
17103.0,722,1,424.29999999999984,3,At Risk
15270.0,15,21,8524.86,1,Loyal Customers
16772.0,423,3,3723.5499999999993,0,Lost / Hibernating
16222.0,318,2,1345.2200000000007,0,Lost / Hibernating
14480.0,11,4,1299.52,4,New / Promising
16875.0,67,11,4234.530000000001,2,Champions
18171.0,58,9,2437.31,2,Champions
16057.0,16,10,3854.85,2,Champions
16027.0,91,15,2048.36,2,Champions
17113.0,574,6,2322.5900000000006,0,Lost / Hibernating
17945.0,696,3,359.49999999999994,3,At Risk
17352.0,696,1,36.25,3,At Risk
17496.0,358,4,1412.89,0,Lost / Hibernating
15747.0,12,9,2562.61,2,Champions
17048.0,117,7,2071.68,2,Champions
14854.0,78,11,4322.860000000001,2,Champions
17618.0,5,11,4073.2400000000007,2,Champions
14522.0,24,8,1758.62,2,Champions
13209.0,30,13,8509.509999999997,2,Champions
18199.0,683,1,344.75,3,At Risk
13650.0,16,10,3287.9999999999995,2,Champions
16051.0,681,1,188.44,3,At Risk
17695.0,131,5,1746.04,0,Lost / Hibernating
13820.0,418,3,660.6500000000001,0,Lost / Hibernating
13615.0,318,8,6272.530000000002,0,Lost / Hibernating
16673.0,679,1,188.83,3,At Risk
15588.0,677,1,579.6,3,At Risk
15338.0,677,1,283.4299999999999,3,At Risk
12810.0,534,2,534.9900000000001,3,At Risk
13584.0,306,3,392.4500000000001,0,Lost / Hibernating
13975.0,31,12,5358.84,2,Champions
15321.0,70,12,6709.730000000002,2,Champions
14399.0,394,8,2113.1599999999994,0,Lost / Hibernating
18101.0,11,5,629.16,4,New / Promising
13619.0,544,2,230.19000000000003,3,At Risk
15365.0,25,13,4557.13,2,Champions
13658.0,9,9,6025.500000000001,2,Champions
16225.0,44,15,2867.4100000000003,2,Champions
16078.0,283,2,362.99,3,At Risk
13293.0,392,6,1192.94,0,Lost / Hibernating
16577.0,666,1,380.0,3,At Risk
16992.0,10,13,5476.5,2,Champions
13815.0,22,8,7475.740000000002,2,Champions
14909.0,437,3,1404.68,0,Lost / Hibernating
16544.0,519,4,376.7000000000001,0,Lost / Hibernating
16860.0,452,3,1610.62,0,Lost / Hibernating
17442.0,36,15,4620.299999999999,2,Champions
14989.0,661,1,342.40000000000003,3,At Risk
16774.0,67,8,1594.45,2,Champions
14276.0,98,7,2102.68,2,Champions
17426.0,8,13,8077.77,1,Loyal Customers
14686.0,414,5,885.8300000000005,0,Lost / Hibernating
13662.0,85,11,2250.1099999999997,2,Champions
12945.0,288,2,900.1100000000001,0,Lost / Hibernating
17358.0,303,5,866.0499999999997,0,Lost / Hibernating
13240.0,96,8,1718.1200000000006,2,Champions
13598.0,47,5,789.59,4,New / Promising
14177.0,86,13,2229.34,2,Champions
14807.0,390,2,519.29,3,At Risk
18046.0,649,1,189.63,3,At Risk
16939.0,488,3,449.0,0,Lost / Hibernating
16283.0,5,8,4402.119999999999,2,Champions
18148.0,646,1,114.1,3,At Risk
18226.0,44,26,11878.879999999996,1,Loyal Customers
17190.0,58,7,1741.1999999999994,2,Champions
14205.0,16,9,2414.2,2,Champions
13454.0,641,1,219.87,3,At Risk
14924.0,245,3,931.01,0,Lost / Hibernating
14060.0,4,30,9519.079999999998,1,Loyal Customers
14651.0,67,9,2034.1199999999992,2,Champions
16303.0,25,7,7928.270000000002,2,Champions
16716.0,266,3,2149.6800000000003,0,Lost / Hibernating
16039.0,423,2,456.4,3,At Risk
16441.0,67,5,1028.4799999999998,0,Lost / Hibernating
13706.0,302,2,631.1699999999998,0,Lost / Hibernating
14729.0,373,3,907.38,0,Lost / Hibernating
13285.0,23,6,3364.5899999999997,2,Champions
15789.0,358,6,1962.01,0,Lost / Hibernating
16493.0,79,7,2132.0899999999997,2,Champions
14074.0,623,1,219.4,3,At Risk
16807.0,142,6,2123.8799999999997,0,Lost / Hibernating
15249.0,31,18,9266.000000000002,1,Loyal Customers
15647.0,415,1,169.0,3,At Risk
17038.0,30,2,743.1700000000001,4,New / Promising
15189.0,1,46,17524.379999999997,1,Loyal Customers
14180.0,10,33,6319.249999999999,1,Loyal Customers
13374.0,414,2,422.80000000000007,3,At Risk
16316.0,64,13,5744.910000000001,2,Champions
17834.0,414,2,730.47,0,Lost / Hibernating
17483.0,65,4,591.73,4,New / Promising
18243.0,414,1,515.7800000000001,3,At Risk
14303.0,407,2,277.94000000000005,3,At Risk
16638.0,22,15,2430.5300000000007,2,Champions
13461.0,38,6,4160.000000000001,2,Champions
13282.0,18,4,1313.1899999999998,4,New / Promising
16221.0,36,9,2234.0599999999995,2,Champions
16381.0,395,2,258.6999999999999,3,At Risk
15799.0,75,4,1424.29,0,Lost / Hibernating
15934.0,417,2,2190.66,0,Lost / Hibernating
17381.0,8,38,40002.37,1,Loyal Customers
18109.0,1,38,9893.960000000005,1,Loyal Customers
15207.0,416,3,683.9199999999998,0,Lost / Hibernating
13292.0,38,5,994.51,4,New / Promising
13506.0,316,5,1639.1999999999998,0,Lost / Hibernating
14945.0,413,1,179.39999999999998,3,At Risk
17470.0,44,11,2804.869999999999,2,Champions
16024.0,12,3,478.92,4,New / Promising
15065.0,37,5,3326.8600000000006,2,Champions
14278.0,409,1,205.82999999999996,3,At Risk
17122.0,119,4,570.5,0,Lost / Hibernating
12775.0,17,7,1686.12,2,Champions
14963.0,9,12,3164.4799999999987,2,Champions
15876.0,409,2,1449.14,0,Lost / Hibernating
12505.0,408,1,955.2,0,Lost / Hibernating
13713.0,408,3,743.26,0,Lost / Hibernating
15038.0,58,9,1309.8599999999994,2,Champions
14114.0,273,7,1364.09,0,Lost / Hibernating
12347.0,2,8,5633.320000000001,2,Champions
15253.0,16,8,2055.09,2,Champions
13535.0,402,1,89.5,3,At Risk
13937.0,169,2,880.1300000000003,0,Lost / Hibernating
13251.0,402,1,252.68000000000004,3,At Risk
13500.0,23,4,1466.3000000000002,4,New / Promising
13686.0,182,3,409.0400000000001,0,Lost / Hibernating
14398.0,401,2,707.7900000000002,0,Lost / Hibernating
13258.0,11,5,1035.18,4,New / Promising
12433.0,0,10,20581.259999999995,1,Loyal Customers
12892.0,396,1,263.37999999999994,3,At Risk
17429.0,128,5,1357.4600000000005,0,Lost / Hibernating
14902.0,25,3,1035.62,4,New / Promising
16218.0,29,13,4439.97,2,Champions
14615.0,394,5,951.76,0,Lost / Hibernating
16094.0,11,11,3695.559999999999,2,Champions
17558.0,393,1,259.17,3,At Risk
17772.0,10,3,384.76999999999987,4,New / Promising
15476.0,380,4,2209.9800000000005,0,Lost / Hibernating
12635.0,89,4,2930.4099999999994,0,Lost / Hibernating
15356.0,31,13,3464.95,2,Champions
16074.0,390,1,265.24999999999994,3,At Risk
16314.0,389,3,1491.4000000000003,0,Lost / Hibernating
17633.0,31,7,2057.39,2,Champions
17968.0,373,4,888.0400000000004,0,Lost / Hibernating
12357.0,33,3,18287.65999999999,2,Champions
13549.0,25,8,1005.8,2,Champions
17540.0,24,6,1590.6,2,Champions
16007.0,47,7,3075.140000000001,2,Champions
16501.0,383,1,1237.230000000002,0,Lost / Hibernating
12807.0,383,1,330.34999999999997,3,At Risk
16049.0,40,6,1899.6799999999987,2,Champions
16155.0,381,5,796.9,0,Lost / Hibernating
17872.0,381,1,235.87,3,At Risk
13569.0,17,4,892.28,4,New / Promising
14552.0,151,3,511.28,0,Lost / Hibernating
13277.0,15,7,523.3,4,New / Promising
15914.0,378,2,205.98999999999995,3,At Risk
13435.0,5,9,4475.2300000000005,2,Champions
16413.0,56,2,528.98,4,New / Promising
15165.0,373,1,975.5000000000002,0,Lost / Hibernating
15111.0,29,5,2730.87,2,Champions
17964.0,31,2,733.4600000000002,4,New / Promising
15973.0,366,2,973.44,0,Lost / Hibernating
18043.0,24,3,875.9699999999998,4,New / Promising
17456.0,365,2,1225.4199999999998,0,Lost / Hibernating
12753.0,22,6,21429.390000000003,2,Champions
17890.0,322,2,602.0900000000005,0,Lost / Hibernating
14150.0,35,2,658.6400000000001,4,New / Promising
15204.0,357,1,316.58000000000004,3,At Risk
12736.0,332,1,234.00000000000003,3,At Risk
17569.0,332,1,344.13999999999993,3,At Risk
15316.0,326,1,165.0,3,At Risk
16618.0,31,5,2647.5899999999992,2,Champions
14248.0,318,3,1032.9499999999998,0,Lost / Hibernating
13837.0,211,2,271.24,3,At Risk
17118.0,317,1,157.02,3,At Risk
13754.0,151,3,447.05,0,Lost / Hibernating
13161.0,313,2,478.88,3,At Risk
14502.0,19,11,2467.629999999999,2,Champions
18202.0,199,3,1396.9899999999998,0,Lost / Hibernating
14457.0,310,1,113.64,3,At Risk
16405.0,302,2,167.25,3,At Risk
13717.0,32,8,1763.3,2,Champions
16073.0,297,1,122.4,3,At Risk
16509.0,296,1,363.7,3,At Risk
13414.0,133,6,2494.1400000000003,0,Lost / Hibernating
16573.0,84,2,663.6099999999999,4,New / Promising
17499.0,289,2,1341.39,0,Lost / Hibernating
14880.0,77,3,706.19,0,Lost / Hibernating
13501.0,288,3,2885.11,0,Lost / Hibernating
13792.0,66,3,383.95,4,New / Promising
14036.0,284,1,626.6499999999999,3,At Risk
17462.0,60,2,675.69,4,New / Promising
15104.0,196,2,1027.4399999999998,0,Lost / Hibernating
15400.0,92,8,1302.3,2,Champions
16475.0,88,4,544.3,0,Lost / Hibernating
15049.0,273,1,121.17000000000002,3,At Risk
16804.0,23,3,536.99,4,New / Promising
14155.0,266,1,118.75,3,At Risk
17795.0,179,2,350.39000000000004,3,At Risk
14875.0,107,3,2862.3999999999996,0,Lost / Hibernating
14711.0,10,11,2868.8,2,Champions
12604.0,79,2,254.18,4,New / Promising
17486.0,261,1,396.87000000000006,3,At Risk
15815.0,63,5,2100.6,2,Champions
13803.0,255,3,1338.91,0,Lost / Hibernating
17398.0,114,3,653.3800000000001,0,Lost / Hibernating
15364.0,95,2,913.1900000000002,0,Lost / Hibernating
16092.0,114,6,1587.94,0,Lost / Hibernating
16105.0,248,5,2386.19,0,Lost / Hibernating
17140.0,247,1,465.32,3,At Risk
12596.0,51,2,618.27,4,New / Promising
17972.0,241,1,136.04,3,At Risk
12463.0,53,4,1344.78,0,Lost / Hibernating
14998.0,170,4,770.73,0,Lost / Hibernating
15985.0,123,7,2715.28,2,Champions
15594.0,15,5,1771.7799999999995,2,Champions
14340.0,218,1,134.7,3,At Risk
16832.0,184,5,417.61,0,Lost / Hibernating
18142.0,157,2,1019.52,0,Lost / Hibernating
18120.0,214,1,111.15,3,At Risk
12757.0,15,9,4255.199999999999,2,Champions
14453.0,190,1,119.93000000000002,3,At Risk
12517.0,28,5,2502.8399999999997,2,Champions
17828.0,22,4,1820.09,2,Champions
12409.0,78,7,23419.29,2,Champions
15036.0,72,3,465.5499999999998,4,New / Promising
12624.0,106,2,641.13,0,Lost / Hibernating
12432.0,42,5,5059.320000000001,2,Champions
13730.0,135,2,752.5999999999998,0,Lost / Hibernating
14029.0,63,2,467.66,4,New / Promising
18143.0,116,2,1000.16,0,Lost / Hibernating
15232.0,113,2,612.06,0,Lost / Hibernating
13379.0,26,3,572.5600000000001,4,New / Promising
14885.0,131,3,1598.12,0,Lost / Hibernating
13388.0,131,3,1185.65,0,Lost / Hibernating
15342.0,129,1,406.0899999999999,3,At Risk
13850.0,129,1,1595.4799999999996,0,Lost / Hibernating
13805.0,52,2,924.6,4,New / Promising
17248.0,120,2,546.1600000000001,0,Lost / Hibernating
13645.0,120,1,252.1,3,At Risk
15469.0,50,3,874.25,4,New / Promising
15263.0,106,1,156.50999999999996,3,At Risk
16761.0,96,1,316.61999999999995,3,At Risk
14335.0,16,2,468.26,4,New / Promising
17317.0,46,3,2600.34,2,Champions
14432.0,9,6,2255.51,2,Champions
15216.0,87,2,486.09,4,New / Promising
13860.0,1,5,1245.9,4,New / Promising
18228.0,56,2,779.9,4,New / Promising
15763.0,31,2,1086.92,4,New / Promising
17528.0,1,8,3628.5,2,Champions
18217.0,29,4,945.04,4,New / Promising
16613.0,70,1,618.59,4,New / Promising
15127.0,65,2,711.5,4,New / Promising
16758.0,65,1,369.34,4,New / Promising
14317.0,64,1,508.58,4,New / Promising
14792.0,63,1,6.2,3,At Risk
12607.0,60,1,1579.51,4,New / Promising
17785.0,53,3,403.38,4,New / Promising
17973.0,51,1,337.04,4,New / Promising
14638.0,50,1,443.6,4,New / Promising
13245.0,50,2,989.22,4,New / Promising
17111.0,47,2,476.58,4,New / Promising
15516.0,44,3,62.43,4,New / Promising
14971.0,35,3,1116.5699999999997,4,New / Promising
13868.0,7,2,3192.54,4,New / Promising
18216.0,31,1,481.75,4,New / Promising
14836.0,10,3,102.45,4,New / Promising
16079.0,16,3,1352.0000000000002,4,New / Promising
15054.0,12,2,302.09999999999997,4,New / Promising
15957.0,31,3,930.0999999999998,4,New / Promising
12659.0,29,1,91.68,4,New / Promising
14789.0,28,1,197.64,4,New / Promising
13146.0,26,1,228.91,4,New / Promising
16207.0,25,1,394.38,4,New / Promising
15009.0,12,3,1261.7799999999995,4,New / Promising
15567.0,18,1,186.01,4,New / Promising
13322.0,17,1,199.48,4,New / Promising
17885.0,12,1,190.18999999999997,4,New / Promising
15619.0,10,1,336.40000000000003,4,New / Promising
17383.0,4,2,309.99,4,New / Promising
15318.0,3,1,312.62,4,New / Promising
16528.0,3,1,244.41,4,New / Promising
12650.0,3,1,314.44,4,New / Promising
13436.0,1,1,196.88999999999996,4,New / Promising
14435.0,501,1,90.42,3,At Risk
15284.0,500,1,24.75,3,At Risk
14521.0,491,1,199.45,3,At Risk
14575.0,488,1,460.7099999999998,3,At Risk
13839.0,486,1,139.95,3,At Risk
16632.0,485,2,406.4,3,At Risk
15072.0,479,1,187.52,3,At Risk
15972.0,456,5,1810.27,0,Lost / Hibernating
14787.0,471,1,110.65,3,At Risk
17762.0,456,1,129.75,3,At Risk
15600.0,428,4,1199.31,0,Lost / Hibernating
12850.0,445,1,330.0,3,At Risk
14668.0,445,1,111.63,3,At Risk
16465.0,420,2,746.2399999999999,0,Lost / Hibernating
15616.0,438,1,317.10999999999996,3,At Risk
16490.0,436,1,205.41000000000005,3,At Risk
14579.0,432,1,105.56,3,At Risk
13306.0,430,1,53.65,3,At Risk
13818.0,429,1,61.28,3,At Risk
17751.0,421,1,157.86,3,At Risk
17390.0,420,1,149.3,3,At Risk
13432.0,571,2,436.55000000000007,3,At Risk
14378.0,621,1,131.24999999999997,3,At Risk
14812.0,598,1,185.80000000000004,3,At Risk
17622.0,597,2,1130.2099999999998,0,Lost / Hibernating
17959.0,592,1,140.75,3,At Risk
17077.0,578,1,306.0,3,At Risk
16564.0,569,1,87.79999999999998,3,At Risk
12632.0,520,2,804.8799999999999,0,Lost / Hibernating
12773.0,564,1,124.25,3,At Risk
18137.0,551,2,145.99000000000004,3,At Risk
16622.0,543,1,225.4,3,At Risk
14874.0,535,1,116.18,3,At Risk
16733.0,529,1,259.68000000000006,3,At Risk
13767.0,2,73,35540.529999999984,1,Loyal Customers
13394.0,1,19,6621.700000000001,1,Loyal Customers
14654.0,738,1,246.86,3,At Risk
17742.0,113,11,2098.48,2,Champions
17191.0,28,15,4836.05,2,Champions
12842.0,70,4,1917.99,0,Lost / Hibernating
14894.0,85,3,1492.81,0,Lost / Hibernating
17949.0,1,116,109162.47999999998,1,Loyal Customers
14527.0,2,121,27736.52000000003,1,Loyal Customers
12948.0,16,9,2317.43,2,Champions
13457.0,688,2,148.22,3,At Risk
14204.0,2,4,1062.9599999999998,4,New / Promising
13623.0,30,10,2566.49,2,Champions
15482.0,15,18,14552.56,1,Loyal Customers
13979.0,73,7,3409.9300000000003,2,Champions
13993.0,42,19,6775.710000000001,2,Champions
15466.0,85,4,1571.01,0,Lost / Hibernating
14958.0,147,6,957.94,0,Lost / Hibernating
16705.0,0,42,43515.051,1,Loyal Customers
17449.0,2,13,4948.150000000001,1,Loyal Customers
15039.0,9,93,40031.42999999997,1,Loyal Customers
13001.0,4,33,24172.1,1,Loyal Customers
14644.0,67,7,2247.7200000000003,2,Champions
16003.0,29,10,5613.83,2,Champions
16645.0,735,1,160.39,3,At Risk
12714.0,9,12,14093.71,1,Loyal Customers
15078.0,7,52,17751.88,1,Loyal Customers
17389.0,0,61,57224.67999999999,1,Loyal Customers
13948.0,360,4,548.76,0,Lost / Hibernating
15514.0,12,18,6594.769999999999,1,Loyal Customers
13736.0,5,7,2766.21,2,Champions
16485.0,77,5,2294.68,2,Champions
15878.0,561,2,330.77,3,At Risk
14608.0,4,10,3342.94,2,Champions
15479.0,733,1,147.39999999999998,3,At Risk
17508.0,280,8,4579.23,0,Lost / Hibernating
13984.0,26,12,2048.6,2,Champions
13495.0,7,10,5374.26,2,Champions
14540.0,9,11,3795.3400000000006,2,Champions
12600.0,28,20,5039.35,2,Champions
17231.0,12,25,7197.040000000003,1,Loyal Customers
14558.0,654,3,655.5,0,Lost / Hibernating
17854.0,185,6,1071.4500000000005,0,Lost / Hibernating
15456.0,283,10,2119.2699999999995,0,Lost / Hibernating
16748.0,17,14,3637.329999999999,2,Champions
15850.0,19,6,1058.7199999999998,2,Champions
12681.0,14,45,30868.28000000001,1,Loyal Customers
17910.0,726,1,261.7,3,At Risk
16551.0,95,7,2237.12,2,Champions
15577.0,151,5,397.9799999999999,0,Lost / Hibernating
17965.0,37,29,7237.23,1,Loyal Customers
14401.0,4,22,6795.900000000001,1,Loyal Customers
13591.0,64,7,2093.94,2,Champions
16064.0,725,1,111.00000000000004,3,At Risk
15640.0,4,29,23922.78,1,Loyal Customers
17095.0,22,7,2572.25,2,Champions
15566.0,392,2,227.87,3,At Risk
15527.0,18,23,5574.790000000001,1,Loyal Customers
17526.0,4,12,4166.04,1,Loyal Customers
17624.0,14,4,1568.63,4,New / Promising
14404.0,33,13,2899.1100000000006,2,Champions
12539.0,22,7,11214.749999999996,2,Champions
13259.0,61,9,1429.6299999999997,2,Champions
18115.0,697,1,9.7,3,At Risk
15549.0,77,8,2342.21,2,Champions
15186.0,14,5,1403.1999999999998,2,Champions
12939.0,64,20,25264.799999999996,1,Loyal Customers
14137.0,695,1,332.7,3,At Risk
14154.0,239,8,6460.699999999999,2,Champions
13787.0,75,6,1222.5,0,Lost / Hibernating
15771.0,604,3,1006.54,0,Lost / Hibernating
14715.0,24,8,1824.55,2,Champions
12733.0,234,4,2424.02,0,Lost / Hibernating
14983.0,689,1,183.2000000000001,3,At Risk
15191.0,463,3,588.05,0,Lost / Hibernating
14714.0,24,4,906.24,4,New / Promising
13036.0,684,1,307.1,3,At Risk
14879.0,684,1,185.06000000000003,3,At Risk
15711.0,556,2,420.25,3,At Risk
14044.0,26,10,3119.35,2,Champions
15434.0,8,11,2567.0600000000004,2,Champions
16281.0,72,3,3424.02,0,Lost / Hibernating
12361.0,287,4,511.25,0,Lost / Hibernating
13514.0,73,4,815.9000000000001,0,Lost / Hibernating
17604.0,217,6,945.9299999999998,0,Lost / Hibernating
13851.0,95,8,4606.460000000001,2,Champions
15512.0,155,4,331.58,0,Lost / Hibernating
17361.0,49,5,880.64,4,New / Promising
17163.0,21,4,699.78,4,New / Promising
12805.0,381,4,1434.95,0,Lost / Hibernating
13783.0,487,4,1542.09,0,Lost / Hibernating
17138.0,275,7,4417.27,0,Lost / Hibernating
17504.0,206,18,9565.12,2,Champions
17647.0,65,3,331.65999999999997,4,New / Promising
12645.0,33,8,3539.3,2,Champions
15371.0,662,1,59.400000000000006,3,At Risk
13503.0,71,5,1824.19,2,Champions
18218.0,211,4,1142.0,0,Lost / Hibernating
14783.0,659,1,307.3,3,At Risk
14878.0,12,25,4105.24,1,Loyal Customers
16388.0,653,1,186.05000000000004,3,At Risk
13765.0,653,1,352.82099999999997,3,At Risk
15124.0,22,4,450.81999999999994,4,New / Promising
17116.0,648,1,389.78,3,At Risk
16461.0,177,3,1609.2199999999998,0,Lost / Hibernating
17663.0,25,17,5175.83,2,Champions
12497.0,81,3,6248.499999999998,2,Champions
15631.0,642,1,596.6700000000001,3,At Risk
16310.0,414,2,460.08,3,At Risk
12825.0,521,2,518.63,3,At Risk
18245.0,7,20,6324.9800000000005,1,Loyal Customers
12495.0,640,1,357.4,3,At Risk
18039.0,374,4,579.1700000000001,0,Lost / Hibernating
13283.0,59,4,373.36,4,New / Promising
13305.0,4,16,3754.71,1,Loyal Customers
13724.0,637,1,213.00999999999993,3,At Risk
13183.0,7,15,7036.18,1,Loyal Customers
17849.0,218,8,1063.76,0,Lost / Hibernating
14857.0,59,7,3651.851,2,Champions
14195.0,201,6,2615.5999999999995,0,Lost / Hibernating
18063.0,390,2,186.6,3,At Risk
13371.0,505,2,2297.66,0,Lost / Hibernating
15775.0,245,2,150.5,3,At Risk
14427.0,50,4,1263.5199999999998,4,New / Promising
15918.0,190,3,582.8799999999999,0,Lost / Hibernating
15650.0,521,2,553.88,3,At Risk
13466.0,184,5,1013.35,0,Lost / Hibernating
12796.0,628,1,381.0,3,At Risk
15614.0,437,4,3147.36,0,Lost / Hibernating
15027.0,30,10,3195.6,2,Champions
16642.0,4,3,1077.4499999999998,4,New / Promising
13534.0,2,35,7720.899999999999,1,Loyal Customers
14148.0,233,2,466.29,3,At Risk
16780.0,100,3,605.55,0,Lost / Hibernating
13580.0,406,1,107.75,3,At Risk
16565.0,364,4,773.05,0,Lost / Hibernating
15459.0,417,2,202.83,3,At Risk
15011.0,395,2,416.6,3,At Risk
14585.0,50,5,1143.2699999999995,2,Champions
13840.0,416,1,651.4000000000003,3,At Risk
13502.0,16,5,780.5,4,New / Promising
14617.0,402,2,190.47,3,At Risk
16916.0,23,4,1117.4999999999995,4,New / Promising
15645.0,18,3,1054.7499999999995,4,New / Promising
15067.0,78,5,3877.880000000001,2,Champions
16445.0,33,4,602.7299999999998,4,New / Promising
12481.0,22,15,12361.39,1,Loyal Customers
14065.0,389,3,891.02,0,Lost / Hibernating
12475.0,53,2,1149.64,4,New / Promising
13578.0,409,1,147.66,3,At Risk
17346.0,3,26,5315.800000000001,1,Loyal Customers
14271.0,225,2,219.13000000000005,3,At Risk
16188.0,44,5,1087.66,4,New / Promising
12353.0,204,2,406.75999999999993,3,At Risk
13880.0,21,17,4391.66,2,Champions
16418.0,44,5,1101.94,4,New / Promising
14847.0,148,3,1348.95,0,Lost / Hibernating
15285.0,407,1,94.92,3,At Risk
12601.0,189,6,681.26,0,Lost / Hibernating
14777.0,403,1,307.55999999999995,3,At Risk
16016.0,3,11,2533.9399999999996,2,Champions
14363.0,402,2,227.47,3,At Risk
13310.0,28,5,1541.2000000000005,2,Champions
16614.0,182,3,1179.79,0,Lost / Hibernating
13331.0,401,1,262.40000000000003,3,At Risk
12673.0,5,3,1230.02,4,New / Promising
13049.0,64,4,1408.2400000000002,0,Lost / Hibernating
14737.0,3,4,3554.17,2,Champions
15332.0,366,6,6553.740000000001,0,Lost / Hibernating
13846.0,24,4,1307.7900000000004,4,New / Promising
14127.0,122,6,1900.08,0,Lost / Hibernating
15392.0,4,7,2911.62,2,Champions
16205.0,30,7,1824.01,2,Champions
16477.0,63,11,4320.0199999999995,2,Champions
17208.0,395,1,115.35,3,At Risk
15678.0,52,3,1893.89,0,Lost / Hibernating
12997.0,22,8,2110.91,2,Champions
17759.0,17,5,1275.66,4,New / Promising
15814.0,16,6,2634.4400000000005,2,Champions
14082.0,364,2,413.36,3,At Risk
13167.0,18,5,1113.15,4,New / Promising
15283.0,390,3,148.33,3,At Risk
13582.0,389,2,241.68,3,At Risk
17897.0,172,9,2538.15,2,Champions
16083.0,100,4,2351.42,0,Lost / Hibernating
14655.0,8,7,3878.5100000000007,2,Champions
13624.0,388,1,462.0800000000001,3,At Risk
16829.0,156,2,513.32,0,Lost / Hibernating
14776.0,51,15,3708.300000000001,2,Champions
16599.0,385,1,172.8,3,At Risk
13550.0,383,1,349.51,3,At Risk
14048.0,305,3,748.6899999999998,0,Lost / Hibernating
18193.0,165,3,1207.35,0,Lost / Hibernating
18076.0,380,1,151.49,3,At Risk
15638.0,378,6,2265.2,0,Lost / Hibernating
17283.0,378,1,188.46,3,At Risk
16262.0,378,1,755.1500000000002,3,At Risk
16848.0,52,4,1411.6200000000003,0,Lost / Hibernating
17820.0,374,1,183.55999999999997,3,At Risk
14237.0,373,2,632.1400000000001,0,Lost / Hibernating
14594.0,7,2,634.8299999999999,4,New / Promising
17976.0,372,1,706.3799999999999,3,At Risk
12738.0,372,1,310.7,3,At Risk
15894.0,253,2,418.9899999999999,3,At Risk
15899.0,368,1,112.5,3,At Risk
15919.0,19,2,910.6099999999996,4,New / Promising
14708.0,2,5,2212.28,2,Champions
12386.0,337,2,660.8000000000001,0,Lost / Hibernating
12963.0,8,12,3601.5900000000006,2,Champions
12829.0,336,3,385.3,0,Lost / Hibernating
17752.0,359,1,80.64,3,At Risk
16532.0,17,5,8756.64,2,Champions
12735.0,315,2,779.5699999999998,0,Lost / Hibernating
13064.0,12,6,1680.7399999999998,2,Champions
14657.0,17,6,1460.87,2,Champions
15831.0,58,3,801.7600000000001,4,New / Promising
14368.0,319,1,155.00000000000003,3,At Risk
13098.0,1,28,28882.439999999988,1,Loyal Customers
17786.0,85,2,278.74,3,At Risk
13539.0,85,7,1569.36,2,Champions
13725.0,49,8,1980.5599999999995,2,Champions
14842.0,43,4,2824.6900000000014,2,Champions
15843.0,303,1,118.95,3,At Risk
18159.0,301,1,530.1500000000002,3,At Risk
13261.0,268,2,944.1,0,Lost / Hibernating
16518.0,61,4,959.37,0,Lost / Hibernating
16678.0,2,12,3109.9899999999993,1,Loyal Customers
15636.0,89,4,1444.58,0,Lost / Hibernating
16217.0,235,2,304.25,3,At Risk
12614.0,277,1,315.59999999999997,3,At Risk
15632.0,15,8,3285.31,2,Champions
14603.0,274,1,660.0,3,At Risk
18173.0,86,5,2696.36,2,Champions
14352.0,157,4,1078.9599999999998,0,Lost / Hibernating
13708.0,271,1,294.87999999999994,3,At Risk
14962.0,270,4,366.91,0,Lost / Hibernating
15140.0,52,8,3243.69,2,Champions
16036.0,87,4,2556.84,0,Lost / Hibernating
14377.0,191,2,617.05,0,Lost / Hibernating
17250.0,3,2,384.52,4,New / Promising
15651.0,36,5,1259.06,2,Champions
14348.0,260,1,409.57,3,At Risk
17946.0,233,2,149.57999999999998,3,At Risk
12456.0,44,3,3181.04,2,Champions
14272.0,73,4,920.81,0,Lost / Hibernating
17088.0,28,4,1991.01,2,Champions
13169.0,63,3,840.0799999999999,4,New / Promising
17492.0,248,3,1122.42,0,Lost / Hibernating
17746.0,240,4,904.18,0,Lost / Hibernating
16185.0,16,3,644.7199999999999,4,New / Promising
12354.0,232,1,1079.4,0,Lost / Hibernating
12622.0,232,1,180.09999999999997,3,At Risk
16637.0,32,4,1154.4699999999998,4,New / Promising
14149.0,220,1,446.62000000000006,3,At Risk
17443.0,219,1,534.24,3,At Risk
16457.0,218,1,208.36,3,At Risk
13867.0,31,3,1015.29,4,New / Promising
14397.0,2,19,2612.96,1,Loyal Customers
14920.0,212,3,1607.17,0,Lost / Hibernating
15187.0,1,16,4777.179999999999,1,Loyal Customers
17664.0,18,4,1166.23,4,New / Promising
17263.0,208,1,63.440000000000005,3,At Risk
14489.0,207,4,1574.93,0,Lost / Hibernating
13308.0,22,4,1670.3700000000003,4,New / Promising
18048.0,203,3,401.73,0,Lost / Hibernating
13248.0,124,2,465.6799999999999,0,Lost / Hibernating
16257.0,176,1,46.95,3,At Risk
16114.0,170,1,135.75000000000003,3,At Risk
16247.0,170,1,114.56,3,At Risk
16671.0,28,3,1692.27,4,New / Promising
18013.0,155,2,187.29000000000005,3,At Risk
16989.0,7,6,1133.25,2,Champions
13667.0,149,1,305.0199999999998,3,At Risk
16041.0,30,3,3166.4,2,Champions
12743.0,134,2,546.4299999999997,0,Lost / Hibernating
14720.0,5,3,663.81,4,New / Promising
18282.0,7,2,178.05,4,New / Promising
12885.0,63,3,1175.22,0,Lost / Hibernating
14658.0,5,2,247.15,4,New / Promising
17844.0,106,1,51.56,3,At Risk
12715.0,106,1,353.85999999999996,3,At Risk
15663.0,106,1,138.14,3,At Risk
18200.0,106,1,163.8,3,At Risk
15074.0,105,3,1566.3300000000004,0,Lost / Hibernating
17777.0,24,3,665.8599999999999,4,New / Promising
12832.0,32,2,383.03,4,New / Promising
16173.0,15,6,1418.32,2,Champions
14965.0,96,2,598.9999999999999,0,Lost / Hibernating
18261.0,43,2,324.23999999999995,4,New / Promising
14360.0,31,4,2128.23,2,Champions
13430.0,18,2,679.45,4,New / Promising
17434.0,2,7,2373.8200000000006,2,Champions
16878.0,84,1,13.3,3,At Risk
12550.0,79,1,964.8299999999994,4,New / Promising
13519.0,78,2,343.21,4,New / Promising
17480.0,77,2,902.03,4,New / Promising
18192.0,71,1,957.97,4,New / Promising
15050.0,25,5,4193.79,2,Champions
15949.0,16,2,364.72,4,New / Promising
12512.0,66,2,138.03000000000006,3,At Risk
17382.0,65,8,902.28,2,Champions
13422.0,64,1,2626.3000000000006,0,Lost / Hibernating
13755.0,3,9,2161.3500000000004,2,Champions
13193.0,61,1,117.88,3,At Risk
15553.0,60,1,437.22999999999985,4,New / Promising
16561.0,5,2,511.12,4,New / Promising
14642.0,58,1,96.12,3,At Risk
14089.0,56,1,161.0,3,At Risk
17520.0,53,1,546.8100000000001,4,New / Promising
13923.0,53,1,351.13000000000005,4,New / Promising
15327.0,52,1,208.75000000000003,4,New / Promising
15853.0,51,1,110.8,3,At Risk
17125.0,50,1,259.34999999999997,4,New / Promising
15277.0,46,2,476.34,4,New / Promising
16708.0,45,1,656.6300000000001,4,New / Promising
12827.0,5,3,430.15,4,New / Promising
17895.0,44,1,97.99999999999996,3,At Risk
17684.0,43,1,239.41,4,New / Promising
16847.0,43,2,614.89,4,New / Promising
13467.0,10,2,1083.71,4,New / Promising
13447.0,23,3,1129.14,4,New / Promising
15883.0,2,2,396.48,4,New / Promising
17761.0,32,1,712.78,4,New / Promising
17500.0,17,3,1138.0,4,New / Promising
17791.0,29,1,106.1,4,New / Promising
12950.0,2,3,1843.0,4,New / Promising
16666.0,19,2,225.94,4,New / Promising
14860.0,19,1,170.32000000000002,4,New / Promising
12795.0,18,1,430.4800000000001,4,New / Promising
18249.0,17,1,95.34,4,New / Promising
14946.0,14,1,100.9,4,New / Promising
13596.0,5,2,697.04,4,New / Promising
14093.0,12,1,442.8499999999999,4,New / Promising
14893.0,9,3,1809.6100000000004,4,New / Promising
16597.0,4,1,90.04000000000002,4,New / Promising
12478.0,3,1,680.9900000000002,4,New / Promising
12713.0,0,1,848.5499999999998,4,New / Promising
14084.0,512,1,150.5,3,At Risk
15908.0,490,2,764.5699999999999,0,Lost / Hibernating
17395.0,508,1,97.5,3,At Risk
13399.0,464,3,275.4,3,At Risk
18132.0,504,1,226.9,3,At Risk
16032.0,456,6,1970.45,0,Lost / Hibernating
14384.0,500,1,58.5,3,At Risk
14822.0,485,1,157.70000000000002,3,At Risk
14736.0,485,2,401.08,3,At Risk
14630.0,484,1,338.65,3,At Risk
14767.0,474,1,382.80999999999995,3,At Risk
17336.0,472,1,81.12,3,At Risk
18124.0,472,1,111.53,3,At Risk
15430.0,467,2,954.75,0,Lost / Hibernating
14634.0,437,4,2124.4600000000005,0,Lost / Hibernating
17369.0,455,1,979.2,0,Lost / Hibernating
13312.0,451,1,124.75,3,At Risk
13465.0,446,2,931.12,0,Lost / Hibernating
17533.0,434,1,34.8,3,At Risk
15451.0,434,2,233.21000000000004,3,At Risk
14118.0,428,1,458.45,3,At Risk
17717.0,421,1,376.9199999999999,3,At Risk
16176.0,421,4,2052.69,0,Lost / Hibernating
14694.0,617,1,244.31,3,At Risk
17563.0,578,2,392.38,3,At Risk
14845.0,599,1,150.0,3,At Risk
12983.0,598,1,490.08,3,At Risk
12392.0,591,1,234.75000000000003,3,At Risk
13775.0,590,1,1049.66,0,Lost / Hibernating
13830.0,581,1,156.85,3,At Risk
16664.0,569,1,109.2,3,At Risk
18052.0,564,1,10877.18,0,Lost / Hibernating
18000.0,564,1,124.25,3,At Risk
15217.0,563,1,426.2400000000001,3,At Risk
17543.0,549,1,120.04999999999998,3,At Risk
17304.0,534,1,111.5,3,At Risk
12485.0,529,1,708.0999999999999,3,At Risk
16329.0,427,4,1703.0700000000002,0,Lost / Hibernating
14156.0,9,145,305228.62999999995,1,Loyal Customers
17063.0,21,13,3638.53,2,Champions
15793.0,14,8,2399.57,2,Champions
14061.0,507,3,917.43,0,Lost / Hibernating
15759.0,218,7,830.9300000000001,0,Lost / Hibernating
17511.0,2,60,175603.55000000002,1,Loyal Customers
15287.0,22,5,856.03,4,New / Promising
15794.0,736,2,777.0,0,Lost / Hibernating
15194.0,3,28,12427.69,1,Loyal Customers
16918.0,49,16,3213.2900000000004,2,Champions
17287.0,26,21,4111.96,2,Champions
13786.0,367,6,3358.9399999999996,0,Lost / Hibernating
13202.0,394,7,1580.3000000000002,0,Lost / Hibernating
13672.0,301,3,419.92,0,Lost / Hibernating
13983.0,29,21,7108.450000000001,1,Loyal Customers
16883.0,187,19,2396.59,2,Champions
18223.0,4,26,14000.850000000002,1,Loyal Customers
13329.0,31,8,5112.970000000001,2,Champions
13021.0,4,17,4887.239999999999,1,Loyal Customers
15860.0,40,17,2502.709999999999,2,Champions
17858.0,5,30,12797.65,1,Loyal Customers
17530.0,1,12,3136.919999999999,1,Loyal Customers
14738.0,42,9,1821.9,2,Champions
17436.0,1,5,534.06,4,New / Promising
14670.0,280,3,602.0,0,Lost / Hibernating
12443.0,732,1,485.31000000000006,3,At Risk
14215.0,11,9,3416.3299999999995,2,Champions
13025.0,731,1,323.39,3,At Risk
17852.0,11,5,663.21,4,New / Promising
13081.0,11,28,59205.14999999998,1,Loyal Customers
16596.0,15,4,579.63,4,New / Promising
12933.0,24,8,1687.03,2,Champions
14081.0,302,10,5370.0999999999985,2,Champions
16191.0,2,24,15688.02,1,Loyal Customers
15898.0,1,25,5592.560000000003,1,Loyal Customers
15196.0,432,2,316.25,3,At Risk
17211.0,26,13,4046.650000000001,2,Champions
13087.0,726,1,313.64,3,At Risk
16725.0,302,13,1880.6599999999996,0,Lost / Hibernating
13872.0,527,3,919.57,0,Lost / Hibernating
12926.0,411,4,1548.0799999999997,0,Lost / Hibernating
17866.0,142,3,1134.9499999999998,0,Lost / Hibernating
18220.0,226,6,1921.76,0,Lost / Hibernating
17625.0,18,8,6067.799999999999,2,Champions
15393.0,16,5,891.34,4,New / Promising
14460.0,110,9,1093.5,2,Champions
17677.0,1,54,36692.91,1,Loyal Customers
14092.0,7,24,7229.45,1,Loyal Customers
16296.0,626,4,1313.6700000000003,0,Lost / Hibernating
18252.0,50,7,1542.09,2,Champions
13871.0,22,17,7885.850000000002,1,Loyal Customers
17182.0,422,2,321.3,3,At Risk
13287.0,603,3,781.5899999999999,0,Lost / Hibernating
16792.0,282,5,623.46,0,Lost / Hibernating
14839.0,418,3,915.28,0,Lost / Hibernating
15521.0,40,16,7096.09,2,Champions
17941.0,130,4,1433.28,0,Lost / Hibernating
16862.0,547,4,662.3299999999999,0,Lost / Hibernating
14045.0,109,16,11313.03,2,Champions
13360.0,431,4,1553.6500000000003,0,Lost / Hibernating
16103.0,7,22,6191.709999999999,1,Loyal Customers
15607.0,336,9,1708.9699999999996,0,Lost / Hibernating
17529.0,610,2,1240.25,0,Lost / Hibernating
15299.0,67,9,7391.540000000001,2,Champions
15513.0,33,35,27750.550000000003,1,Loyal Customers
14423.0,218,3,916.61,0,Lost / Hibernating
12644.0,129,4,1918.4900000000007,0,Lost / Hibernating
15697.0,689,1,246.75,3,At Risk
16087.0,389,5,1739.92,0,Lost / Hibernating
13315.0,689,1,310.26,3,At Risk
12987.0,73,5,1312.21,0,Lost / Hibernating
16727.0,364,4,1437.42,0,Lost / Hibernating
17780.0,667,3,352.91,3,At Risk
16004.0,474,5,2146.3900000000003,0,Lost / Hibernating
14376.0,683,1,215.46,3,At Risk
15544.0,9,20,8162.429999999999,1,Loyal Customers
14249.0,410,12,5625.461000000001,2,Champions
16923.0,12,32,13378.360000000002,1,Loyal Customers
16955.0,184,6,1309.41,0,Lost / Hibernating
14481.0,164,5,2311.49,0,Lost / Hibernating
15803.0,51,4,1929.66,2,Champions
17092.0,50,11,5594.960000000002,2,Champions
12396.0,674,1,931.4300000000006,3,At Risk
12500.0,23,19,5955.209999999999,1,Loyal Customers
16147.0,133,5,2398.9100000000003,0,Lost / Hibernating
15422.0,323,7,1619.9700000000005,0,Lost / Hibernating
14562.0,3,26,6729.400000000002,1,Loyal Customers
16212.0,19,4,1293.71,4,New / Promising
18058.0,9,3,774.06,4,New / Promising
17575.0,667,1,171.7,3,At Risk
14190.0,666,1,79.9,3,At Risk
13407.0,578,3,2244.7,0,Lost / Hibernating
17171.0,289,2,384.59,3,At Risk
14639.0,52,9,4978.96,2,Champions
17789.0,281,2,397.15,3,At Risk
14726.0,654,1,124.75,3,At Risk
14131.0,648,1,187.86999999999995,3,At Risk
17305.0,648,1,2135.46,0,Lost / Hibernating
13911.0,57,20,4234.99,2,Champions
12731.0,23,17,25775.709999999995,1,Loyal Customers
16520.0,186,6,2482.619999999999,0,Lost / Hibernating
13879.0,645,1,395.5,3,At Risk
14186.0,427,5,1550.63,0,Lost / Hibernating
14852.0,58,18,6147.180000000002,2,Champions
17298.0,101,5,941.66,0,Lost / Hibernating
17025.0,60,5,1510.64,2,Champions
16275.0,196,3,2151.11,0,Lost / Hibernating
16707.0,400,4,551.1100000000001,0,Lost / Hibernating
14676.0,31,12,8356.79,2,Champions
16846.0,50,3,842.4100000000001,4,New / Promising
16347.0,11,11,3509.41,2,Champions
15123.0,7,5,4656.169999999999,2,Champions
14873.0,210,2,854.13,0,Lost / Hibernating
17933.0,632,1,105.99,3,At Risk
16571.0,26,10,4248.740000000001,2,Champions
17349.0,179,5,852.2499999999997,0,Lost / Hibernating
17738.0,19,13,4183.5599999999995,2,Champions
12368.0,628,1,917.7,3,At Risk
14355.0,365,3,1014.4499999999998,0,Lost / Hibernating
14762.0,263,2,417.56999999999994,3,At Risk
15552.0,217,2,252.52,3,At Risk
12387.0,415,1,143.94,3,At Risk
12725.0,371,4,2694.5600000000004,0,Lost / Hibernating
13166.0,283,2,884.1800000000001,0,Lost / Hibernating
14101.0,73,13,9961.93,2,Champions
15570.0,7,25,9311.040000000005,1,Loyal Customers
15068.0,46,4,1176.8499999999997,4,New / Promising
15180.0,367,3,904.43,0,Lost / Hibernating
14566.0,110,4,4092.0,0,Lost / Hibernating
12504.0,18,4,779.05,4,New / Promising
17676.0,4,10,2765.84,2,Champions
13002.0,318,3,414.13,0,Lost / Hibernating
17397.0,22,3,1233.1799999999998,4,New / Promising
16817.0,2,13,2804.9000000000005,1,Loyal Customers
14183.0,411,2,286.28999999999996,3,At Risk
15142.0,46,6,2619.9199999999996,2,Champions
16639.0,31,4,1747.98,2,Champions
12537.0,408,1,732.9399999999998,3,At Risk
17000.0,396,2,406.3,3,At Risk
17376.0,70,4,453.64,4,New / Promising
12608.0,404,1,415.79,3,At Risk
18154.0,3,5,932.6,4,New / Promising
14794.0,2,10,1953.8999999999996,2,Champions
13090.0,8,23,14073.09,1,Loyal Customers
16033.0,5,27,10836.13,1,Loyal Customers
16623.0,245,4,1015.24,0,Lost / Hibernating
16178.0,138,2,612.6000000000001,0,Lost / Hibernating
12817.0,281,3,690.98,0,Lost / Hibernating
14882.0,26,14,3628.15,2,Champions
13959.0,79,6,1076.1799999999998,0,Lost / Hibernating
16559.0,397,1,185.2,3,At Risk
13967.0,145,2,166.3,3,At Risk
17692.0,127,12,2960.44,2,Champions
14610.0,395,2,24.35,3,At Risk
15529.0,22,12,5109.400000000001,2,Champions
16824.0,15,3,686.24,4,New / Promising
16284.0,31,3,1029.77,4,New / Promising
12868.0,185,8,2247.0600000000004,0,Lost / Hibernating
13032.0,52,9,2843.5499999999997,2,Champions
17803.0,392,1,184.65999999999997,3,At Risk
14597.0,11,6,2201.54,2,Champions
14784.0,26,3,449.93,4,New / Promising
12616.0,95,3,1131.1,0,Lost / Hibernating
17615.0,130,6,733.1999999999999,0,Lost / Hibernating
17418.0,42,3,670.06,4,New / Promising
15107.0,311,9,940.35,0,Lost / Hibernating
17532.0,385,1,65.34,3,At Risk
17269.0,385,1,537.4599999999998,3,At Risk
12967.0,358,3,4306.92,0,Lost / Hibernating
16411.0,19,4,910.1899999999998,4,New / Promising
12633.0,58,7,5678.16,2,Champions
16229.0,87,6,2867.8599999999997,2,Champions
18047.0,381,2,342.6899999999999,3,At Risk
14458.0,380,1,228.61999999999995,3,At Risk
16874.0,379,1,217.73999999999992,3,At Risk
16062.0,9,8,2863.449999999999,2,Champions
12996.0,375,1,355.5,3,At Risk
15026.0,80,5,1056.81,0,Lost / Hibernating
12351.0,375,1,300.93,3,At Risk
16552.0,242,2,475.02,3,At Risk
15048.0,65,4,482.7500000000001,4,New / Promising
17869.0,107,7,1036.16,0,Lost / Hibernating
17097.0,2,9,1340.4499999999998,2,Champions
16665.0,362,1,135.4,3,At Risk
14544.0,24,3,2982.4300000000003,2,Champions
14565.0,95,5,3859.22,2,Champions
13221.0,240,2,844.8600000000001,0,Lost / Hibernating
14462.0,66,12,2265.0099999999993,2,Champions
15139.0,239,2,178.96000000000004,3,At Risk
18095.0,312,5,2303.0899999999997,0,Lost / Hibernating
14270.0,331,1,492.6499999999999,3,At Risk
15395.0,325,1,107.45000000000002,3,At Risk
17771.0,56,4,386.93,4,New / Promising
17714.0,320,5,1410.18,0,Lost / Hibernating
15415.0,313,1,572.8099999999998,3,At Risk
15226.0,310,1,154.41,3,At Risk
16333.0,7,22,26626.8,1,Loyal Customers
14438.0,306,1,131.9,3,At Risk
15122.0,114,11,4497.47,2,Champions
14760.0,297,1,89.2,3,At Risk
16148.0,296,2,386.62,3,At Risk
18138.0,295,1,152.65,3,At Risk
12852.0,294,1,311.54999999999995,3,At Risk
12988.0,292,1,535.32,3,At Risk
18068.0,289,1,101.7,3,At Risk
13509.0,8,8,1114.7200000000005,2,Champions
12679.0,58,4,1113.02,0,Lost / Hibernating
15733.0,282,1,162.3,3,At Risk
12584.0,3,9,2338.1500000000005,2,Champions
14730.0,1,8,2005.0599999999993,2,Champions
16216.0,267,1,914.9300000000002,0,Lost / Hibernating
17134.0,106,3,637.1,0,Lost / Hibernating
16728.0,46,4,1054.6699999999998,4,New / Promising
17678.0,263,2,599.76,0,Lost / Hibernating
16022.0,260,1,628.2800000000001,3,At Risk
13743.0,2,7,1341.6,2,Champions
17765.0,158,4,530.8,0,Lost / Hibernating
15424.0,254,3,597.78,0,Lost / Hibernating
12717.0,151,3,1308.91,0,Lost / Hibernating
14273.0,51,4,559.97,4,New / Promising
12363.0,109,2,552.0,0,Lost / Hibernating
14326.0,242,3,940.9799999999998,0,Lost / Hibernating
14111.0,14,4,692.85,4,New / Promising
15147.0,240,1,623.5,3,At Risk
17217.0,234,2,218.0,3,At Risk
16750.0,44,5,623.9299999999998,4,New / Promising
16942.0,12,9,1920.5899999999997,2,Champions
14948.0,23,6,1101.97,2,Champions
16440.0,7,6,3856.9700000000007,2,Champions
14364.0,108,8,3717.349999999999,2,Champions
15440.0,54,3,383.68000000000006,4,New / Promising
17166.0,38,2,206.33999999999995,4,New / Promising
13391.0,203,1,59.8,3,At Risk
13339.0,200,1,860.1200000000002,0,Lost / Hibernating
12493.0,165,2,433.74,3,At Risk
17900.0,190,2,112.2,3,At Risk
13437.0,14,7,3408.0600000000013,2,Champions
17579.0,4,4,753.28,4,New / Promising
17651.0,11,16,5703.5199999999995,1,Loyal Customers
14222.0,177,1,683.17,3,At Risk
12919.0,8,6,1335.1899999999998,2,Champions
12465.0,17,2,742.19,4,New / Promising
17110.0,165,3,510.69999999999993,0,Lost / Hibernating
16616.0,15,2,500.4200000000001,4,New / Promising
17405.0,1,3,1031.41,4,New / Promising
17779.0,21,3,658.5699999999999,4,New / Promising
12521.0,142,1,599.6800000000001,3,At Risk
17693.0,137,1,200.47,3,At Risk
13930.0,57,2,337.3399999999999,4,New / Promising
14855.0,119,7,6520.299999999999,2,Champions
17053.0,130,1,498.48,3,At Risk
16302.0,126,1,233.22,3,At Risk
17747.0,112,1,71.4,3,At Risk
12729.0,113,1,453.0100000000001,3,At Risk
14141.0,2,4,915.1300000000002,4,New / Promising
12851.0,96,2,284.13,3,At Risk
13244.0,92,1,121.74,3,At Risk
13372.0,89,1,378.64,3,At Risk
17919.0,88,2,1840.3199999999997,0,Lost / Hibernating
14020.0,16,4,1249.01,4,New / Promising
12895.0,42,2,372.7999999999999,4,New / Promising
13228.0,81,1,358.0,3,At Risk
17628.0,81,1,75.75000000000001,3,At Risk
14887.0,79,1,1862.0,0,Lost / Hibernating
12906.0,11,5,2919.8099999999995,2,Champions
12952.0,5,4,1387.79,4,New / Promising
12546.0,46,2,1161.5,4,New / Promising
15744.0,77,1,34.8,3,At Risk
13336.0,77,1,795.12,4,New / Promising
15762.0,65,2,583.75,4,New / Promising
15154.0,75,3,1388.4100000000003,0,Lost / Hibernating
15492.0,28,2,659.4599999999999,4,New / Promising
16999.0,23,2,484.82,4,New / Promising
16101.0,70,4,3229.1600000000003,2,Champions
13954.0,1,2,439.92,4,New / Promising
16533.0,19,3,1095.56,4,New / Promising
13816.0,23,2,571.6700000000001,4,New / Promising
13348.0,64,1,233.76,3,At Risk
12519.0,63,2,726.54,4,New / Promising
16900.0,16,3,887.1100000000004,4,New / Promising
17620.0,59,1,81.44,3,At Risk
14856.0,36,3,1311.38,4,New / Promising
15478.0,40,3,1982.48,4,New / Promising
14910.0,2,4,434.35,4,New / Promising
13878.0,54,4,2473.0600000000004,2,Champions
15610.0,51,1,112.46,3,At Risk
12403.0,49,2,1019.36,4,New / Promising
17836.0,47,1,109.83,3,At Risk
14764.0,46,1,278.3,4,New / Promising
15993.0,8,7,2788.8700000000003,2,Champions
16026.0,43,1,236.0900000000001,4,New / Promising
13103.0,39,3,709.64,4,New / Promising
17221.0,7,5,978.52,4,New / Promising
13532.0,33,1,210.30999999999983,4,New / Promising
14863.0,29,1,266.76,4,New / Promising
12508.0,26,2,398.27,4,New / Promising
15419.0,24,1,135.86,4,New / Promising
13986.0,17,1,320.46000000000004,4,New / Promising
16811.0,4,2,547.0699999999999,4,New / Promising
12966.0,9,1,160.18,4,New / Promising
17936.0,5,1,389.8399999999999,4,New / Promising
12367.0,4,1,168.9,4,New / Promising
13559.0,512,2,990.0,0,Lost / Hibernating
15629.0,450,4,2240.8999999999996,0,Lost / Hibernating
18258.0,464,6,2059.67,0,Lost / Hibernating
15595.0,487,1,357.6,3,At Risk
17745.0,477,2,600.34,0,Lost / Hibernating
16299.0,477,1,193.65,3,At Risk
16294.0,476,1,126.05,3,At Risk
14492.0,430,7,1921.9100000000003,0,Lost / Hibernating
16371.0,448,1,157.20000000000005,3,At Risk
13687.0,438,1,11880.839999999998,0,Lost / Hibernating
16237.0,437,1,136.65,3,At Risk
13257.0,436,1,149.75,3,At Risk
17657.0,430,1,126.0,3,At Risk
17008.0,429,1,81.36,3,At Risk
17249.0,428,1,68.02999999999999,3,At Risk
12655.0,423,1,261.35,3,At Risk
14956.0,421,1,1325.0,0,Lost / Hibernating
13219.0,618,1,76.23,3,At Risk
14835.0,528,2,297.0,3,At Risk
12459.0,605,1,454.3599999999999,3,At Risk
17729.0,596,1,438.6500000000001,3,At Risk
16543.0,591,1,292.21,3,At Risk
18111.0,589,1,405.8499999999999,3,At Risk
14683.0,588,1,146.56000000000003,3,At Risk
15229.0,586,1,160.5,3,At Risk
14814.0,581,1,159.21,3,At Risk
14678.0,579,1,403.39,3,At Risk
14588.0,578,1,135.39,3,At Risk
15470.0,575,1,63.419999999999995,3,At Risk
18038.0,556,1,149.41000000000005,3,At Risk
13112.0,541,1,20.6,3,At Risk
12682.0,3,52,24033.910000000003,1,Loyal Customers
12636.0,738,1,141.0,3,At Risk
15380.0,8,11,3479.0600000000004,2,Champions
13585.0,530,3,684.54,0,Lost / Hibernating
15750.0,2,18,6797.1910000000025,1,Loyal Customers
16563.0,53,6,4422.76,2,Champions
16823.0,227,7,2260.0899999999997,0,Lost / Hibernating
13740.0,240,5,1597.77,0,Lost / Hibernating
16210.0,1,33,38469.51,1,Loyal Customers
16233.0,71,9,1965.71,2,Champions
14549.0,311,4,916.5499999999998,0,Lost / Hibernating
16987.0,3,11,2513.9499999999994,2,Champions
18001.0,12,6,953.84,4,New / Promising
14606.0,1,185,30678.439999999908,1,Loyal Customers
16204.0,23,3,944.24,4,New / Promising
15181.0,66,5,1200.2,0,Lost / Hibernating
17188.0,11,13,4592.93,2,Champions
14990.0,612,2,305.41999999999996,3,At Risk
14293.0,3,9,3267.9300000000003,2,Champions
14662.0,28,7,1416.33,2,Champions
17851.0,422,6,1563.3400000000004,0,Lost / Hibernating
17076.0,36,6,1242.7499999999998,2,Champions
16192.0,735,1,351.3,3,At Risk
17593.0,3,11,8095.799999999997,1,Loyal Customers
13174.0,16,11,9471.940000000006,2,Champions
13487.0,57,5,846.87,4,New / Promising
14896.0,204,8,2092.42,0,Lost / Hibernating
15641.0,105,12,5345.550000000002,2,Champions
14471.0,591,2,400.9500000000001,3,At Risk
18162.0,732,1,379.16,3,At Risk
15421.0,58,10,3805.34,2,Champions
15971.0,17,18,5902.83,1,Loyal Customers
18203.0,157,4,494.4200000000001,0,Lost / Hibernating
14285.0,21,8,3284.42,2,Champions
13855.0,500,4,1310.3400000000004,0,Lost / Hibernating
15573.0,31,5,1199.2299999999998,2,Champions
14062.0,9,24,25604.200000000004,1,Loyal Customers
15169.0,382,2,569.22,0,Lost / Hibernating
13026.0,1,9,1733.0800000000002,2,Champions
15944.0,276,4,2164.24,0,Lost / Hibernating
15188.0,725,1,310.42999999999995,3,At Risk
13823.0,18,7,3403.4500000000007,2,Champions
13473.0,60,8,2657.76,2,Champions
13074.0,511,4,1378.74,0,Lost / Hibernating
16569.0,3,5,1455.2299999999998,4,New / Promising
17469.0,16,17,5051.25,2,Champions
15044.0,19,32,15949.190000000002,1,Loyal Customers
14484.0,50,4,1070.98,4,New / Promising
15428.0,15,4,762.75,4,New / Promising
12346.0,325,4,77353.96,2,Champions
14555.0,57,6,2315.63,2,Champions
16600.0,4,13,2153.41,2,Champions
13847.0,719,1,310.7199999999999,3,At Risk
15518.0,64,15,4218.9400000000005,2,Champions
15266.0,338,5,852.2100000000002,0,Lost / Hibernating
18170.0,33,9,2877.9999999999995,2,Champions
16787.0,397,4,1035.4299999999998,0,Lost / Hibernating
18134.0,598,2,445.0,3,At Risk
17681.0,597,5,731.2,0,Lost / Hibernating
14421.0,57,6,2469.37,2,Champions
13397.0,72,10,3191.8700000000003,2,Champions
17794.0,686,2,147.3,3,At Risk
14530.0,25,16,6197.4000000000015,2,Champions
14701.0,10,15,4562.09,2,Champions
18194.0,82,6,4162.04,2,Champions
12668.0,11,10,11444.680000000004,2,Champions
14047.0,8,14,4255.030000000001,2,Champions
12711.0,611,2,1339.0500000000002,0,Lost / Hibernating
13156.0,385,3,1586.5400000000004,0,Lost / Hibernating
15480.0,116,3,3592.249999999999,0,Lost / Hibernating
17309.0,95,3,330.59,4,New / Promising
16246.0,459,2,827.25,0,Lost / Hibernating
12524.0,9,17,11126.11,1,Loyal Customers
15082.0,668,1,93.35,3,At Risk
12932.0,539,8,1698.5600000000004,0,Lost / Hibernating
13164.0,569,2,372.2000000000001,3,At Risk
14115.0,501,2,622.6700000000001,0,Lost / Hibernating
16839.0,8,44,22310.49,1,Loyal Customers
16978.0,77,3,768.8799999999999,0,Lost / Hibernating
17241.0,385,12,2744.14,0,Lost / Hibernating
16584.0,80,5,3163.6700000000005,2,Champions
17931.0,134,14,3437.2900000000004,2,Champions
17560.0,94,9,1895.8,2,Champions
16447.0,135,3,775.1399999999998,0,Lost / Hibernating
13773.0,396,2,301.54,3,At Risk
17145.0,512,4,3120.9100000000017,0,Lost / Hibernating
13761.0,50,6,1952.17,2,Champions
16693.0,68,5,1199.46,0,Lost / Hibernating
16948.0,138,7,868.77,0,Lost / Hibernating
13513.0,126,3,824.5899999999999,0,Lost / Hibernating
15493.0,32,9,4306.490000000001,2,Champions
13052.0,212,7,3167.6800000000003,0,Lost / Hibernating
14681.0,71,6,875.1500000000001,0,Lost / Hibernating
18009.0,235,8,2155.8300000000004,0,Lost / Hibernating
17863.0,59,12,5745.2,2,Champions
13663.0,179,5,2047.51,0,Lost / Hibernating
16285.0,646,1,176.89999999999995,3,At Risk
13881.0,3,43,45179.1,1,Loyal Customers
15929.0,644,1,594.0,3,At Risk
14172.0,605,3,402.72,3,At Risk
18253.0,642,1,317.88,3,At Risk
17734.0,53,6,1442.32,2,Champions
14493.0,7,10,5130.15,2,Champions
13157.0,49,9,5687.359999999999,2,Champions
17960.0,171,3,135.08,3,At Risk
17348.0,14,9,2464.3099999999995,2,Champions
13566.0,40,5,1704.27,2,Champions
13715.0,281,17,8483.29,2,Champions
13688.0,635,1,375.5,3,At Risk
16242.0,8,14,7474.399999999997,1,Loyal Customers
13600.0,312,2,518.4200000000001,3,At Risk
12701.0,79,6,2446.41,2,Champions
13128.0,631,1,263.5,3,At Risk
12908.0,176,5,1776.0,0,Lost / Hibernating
17133.0,15,12,14622.330000000002,1,Loyal Customers
17072.0,625,1,282.05,3,At Risk
15374.0,128,2,307.32000000000005,3,At Risk
16833.0,1,6,2409.04,2,Champions
13891.0,378,3,863.56,0,Lost / Hibernating
14088.0,10,16,64036.79999999999,1,Loyal Customers
17741.0,406,2,101.1,3,At Risk
16676.0,33,6,2361.8999999999996,2,Champions
15506.0,22,6,2040.03,2,Champions
17703.0,35,4,1094.84,4,New / Promising
12990.0,31,7,955.5,2,Champions
14217.0,1,23,3416.89,1,Loyal Customers
13088.0,417,1,236.11000000000004,3,At Risk
15777.0,241,7,1762.61,0,Lost / Hibernating
14572.0,3,11,5609.280000000001,1,Loyal Customers
17655.0,10,9,3652.48,2,Champions
15886.0,60,4,1052.87,0,Lost / Hibernating
14332.0,22,5,1943.51,2,Champions
17732.0,372,8,2470.390000000001,0,Lost / Hibernating
14216.0,3,5,2150.04,2,Champions
13581.0,309,2,280.53,3,At Risk
16540.0,414,1,226.7,3,At Risk
18022.0,35,5,1651.1600000000008,2,Champions
16428.0,413,3,660.2799999999995,0,Lost / Hibernating
18055.0,7,14,11195.57,1,Loyal Customers
16775.0,10,16,3056.8899999999994,2,Champions
13295.0,359,4,1101.97,0,Lost / Hibernating
16983.0,12,11,3710.2200000000007,2,Champions
17767.0,15,2,413.05000000000007,4,New / Promising
17034.0,16,5,1283.9199999999998,4,New / Promising
16757.0,318,2,270.48,3,At Risk
15390.0,396,2,1216.66,0,Lost / Hibernating
14201.0,60,10,1193.5400000000002,2,Champions
17473.0,408,2,607.0,0,Lost / Hibernating
14904.0,2,4,1640.64,4,New / Promising
16539.0,2,10,3732.0099999999993,2,Champions
17003.0,402,4,830.1599999999999,0,Lost / Hibernating
12855.0,372,4,650.9400000000005,0,Lost / Hibernating
14498.0,42,10,3911.270000000001,2,Champions
16060.0,400,3,541.9499999999999,0,Lost / Hibernating
15160.0,357,4,589.27,0,Lost / Hibernating
16228.0,385,3,890.8099999999998,0,Lost / Hibernating
16401.0,1,23,6847.45,1,Loyal Customers
12599.0,29,13,2296.7200000000003,2,Champions
14452.0,10,4,665.5900000000001,4,New / Promising
12782.0,4,11,4618.240000000002,2,Champions
16679.0,366,3,793.0600000000001,0,Lost / Hibernating
16868.0,394,3,393.39,0,Lost / Hibernating
16827.0,393,5,392.13,0,Lost / Hibernating
15960.0,374,4,410.95,0,Lost / Hibernating
13857.0,393,6,1000.91,0,Lost / Hibernating
17255.0,40,4,799.1300000000001,4,New / Promising
14526.0,389,1,262.4,3,At Risk
17080.0,22,7,957.53,2,Champions
15968.0,388,1,415.2999999999999,3,At Risk
13237.0,387,1,642.9999999999999,3,At Risk
15652.0,91,5,1420.34,0,Lost / Hibernating
13605.0,387,2,522.67,3,At Risk
16915.0,9,11,1543.18,2,Champions
16250.0,261,3,791.3799999999999,0,Lost / Hibernating
16089.0,386,2,271.44000000000005,3,At Risk
17648.0,60,5,2216.3700000000003,2,Champions
17036.0,383,1,176.9,3,At Risk
12393.0,72,6,2399.4500000000003,2,Champions
14926.0,381,2,359.4,3,At Risk
17458.0,15,2,529.5799999999999,4,New / Promising
15384.0,169,4,2027.79,0,Lost / Hibernating
16292.0,121,5,1253.7599999999998,0,Lost / Hibernating
15728.0,379,2,544.6,3,At Risk
16354.0,63,5,1129.5100000000002,0,Lost / Hibernating
15020.0,379,1,203.41999999999996,3,At Risk
17882.0,379,2,313.45999999999987,3,At Risk
16138.0,378,3,910.35,0,Lost / Hibernating
17516.0,15,6,957.55,4,New / Promising
17999.0,37,3,730.8999999999999,4,New / Promising
12928.0,35,12,4304.89,2,Champions
16499.0,360,8,2578.3399999999997,0,Lost / Hibernating
17787.0,152,4,2601.47,0,Lost / Hibernating
15545.0,54,2,428.0499999999999,4,New / Promising
15018.0,38,3,607.46,4,New / Promising
12797.0,365,2,806.1099999999999,0,Lost / Hibernating
14985.0,198,2,296.74999999999994,3,At Risk
17007.0,50,7,1120.1,2,Champions
16567.0,194,2,865.5999999999999,0,Lost / Hibernating
16850.0,333,1,332.40999999999997,3,At Risk
15749.0,235,3,44534.3,2,Champions
14978.0,72,10,3142.1400000000003,2,Champions
15510.0,330,1,250.0,3,At Risk
12527.0,81,5,735.51,0,Lost / Hibernating
15820.0,319,1,206.98,3,At Risk
16730.0,52,3,743.1099999999999,4,New / Promising
13168.0,36,5,1875.31,2,Champions
12350.0,310,1,334.40000000000003,3,At Risk
15781.0,25,3,345.46000000000004,4,New / Promising
17162.0,28,10,1715.4599999999998,2,Champions
15970.0,303,2,1017.3199999999998,0,Lost / Hibernating
14935.0,297,2,2849.8299999999995,0,Lost / Hibernating
17175.0,44,4,1443.69,4,New / Promising
13301.0,103,4,600.19,0,Lost / Hibernating
13184.0,14,10,1700.2900000000004,2,Champions
17711.0,10,2,385.1,4,New / Promising
16667.0,68,2,570.13,4,New / Promising
14056.0,1,23,8214.65,1,Loyal Customers
16621.0,51,4,813.48,4,New / Promising
14214.0,30,5,1004.3799999999998,4,New / Promising
16426.0,2,10,1908.2499999999995,2,Champions
12881.0,275,1,298.0,3,At Risk
15671.0,18,7,2657.1299999999997,2,Champions
14636.0,36,2,609.85,4,New / Promising
12597.0,19,4,3811.220000000001,2,Champions
14840.0,267,2,362.71,3,At Risk
13631.0,99,11,3070.42,2,Champions
13072.0,266,1,177.14999999999998,3,At Risk
16626.0,0,17,4413.099999999999,1,Loyal Customers
13046.0,30,3,949.25,4,New / Promising
18224.0,263,1,158.95000000000002,3,At Risk
12545.0,75,2,1000.39,4,New / Promising
13588.0,15,9,2478.9500000000003,2,Champions
16398.0,154,2,1705.8000000000002,0,Lost / Hibernating
15756.0,61,4,532.9600000000002,4,New / Promising
17906.0,247,1,72.9,3,At Risk
13570.0,243,1,239.49000000000004,3,At Risk
18129.0,243,1,112.55,3,At Risk
15737.0,14,8,1205.12,2,Champions
13989.0,65,5,2026.06,2,Champions
14323.0,114,2,605.0600000000001,0,Lost / Hibernating
18246.0,23,3,758.82,4,New / Promising
13505.0,72,4,4393.630000000001,2,Champions
15891.0,226,1,521.9699999999999,3,At Risk
14240.0,30,3,1247.4900000000002,4,New / Promising
17501.0,220,2,288.59999999999997,3,At Risk
16230.0,189,2,542.03,0,Lost / Hibernating
12886.0,67,2,1378.4,0,Lost / Hibernating
16319.0,217,1,404.4,3,At Risk
13365.0,33,2,2225.37,4,New / Promising
13492.0,136,3,1269.8400000000006,0,Lost / Hibernating
12355.0,214,2,947.61,0,Lost / Hibernating
14591.0,15,4,1447.1400000000003,4,New / Promising
14883.0,18,6,761.59,4,New / Promising
14888.0,207,1,369.2,3,At Risk
17898.0,85,4,299.18,4,New / Promising
16038.0,7,3,471.78,4,New / Promising
12710.0,96,3,1149.0200000000004,0,Lost / Hibernating
14178.0,8,7,1600.929999999999,2,Champions
17265.0,138,2,562.8999999999997,0,Lost / Hibernating
13517.0,59,3,2128.42,0,Lost / Hibernating
16342.0,75,4,322.41,4,New / Promising
18165.0,177,1,302.46000000000004,3,At Risk
16324.0,128,3,428.6799999999998,0,Lost / Hibernating
12798.0,10,4,8510.929999999998,2,Champions
17370.0,72,4,446.1799999999999,4,New / Promising
17837.0,42,8,1587.4799999999998,2,Champions
17024.0,45,3,95.85,4,New / Promising
13991.0,12,6,854.97,4,New / Promising
12397.0,35,2,2409.8999999999996,4,New / Promising
12981.0,29,2,372.22,4,New / Promising
13621.0,116,1,213.85,3,At Risk
13189.0,18,2,260.68,4,New / Promising
12688.0,113,1,4873.810000000005,0,Lost / Hibernating
17073.0,17,4,1444.8399999999997,4,New / Promising
17183.0,7,6,3347.31,2,Champions
16629.0,73,2,417.72999999999985,4,New / Promising
16820.0,95,1,497.61000000000007,3,At Risk
13518.0,85,1,659.4399999999998,4,New / Promising
13247.0,17,4,501.12,4,New / Promising
13356.0,80,1,768.2400000000001,4,New / Promising
16213.0,78,1,159.0,3,At Risk
13083.0,4,3,395.43,4,New / Promising
17154.0,75,1,329.34000000000003,3,At Risk
16198.0,75,2,1030.0410000000002,0,Lost / Hibernating
13670.0,75,1,349.70000000000016,3,At Risk
13429.0,10,4,1006.8000000000002,4,New / Promising
18205.0,36,2,517.3599999999999,4,New / Promising
15243.0,74,2,927.2800000000002,4,New / Promising
17447.0,40,2,541.53,4,New / Promising
17427.0,71,1,100.8,3,At Risk
16591.0,68,1,213.5,3,At Risk
14138.0,1,2,982.3800000000002,4,New / Promising
13419.0,63,1,221.05999999999997,3,At Risk
16685.0,61,2,324.24,4,New / Promising
13212.0,19,3,788.0799999999997,4,New / Promising
16120.0,59,6,3056.910000000001,2,Champions
16793.0,57,1,243.83999999999995,4,New / Promising
14547.0,3,8,4007.5399999999977,2,Champions
14830.0,53,1,196.28,4,New / Promising
13594.0,52,2,533.3199999999999,4,New / Promising
12572.0,8,2,1020.4200000000004,4,New / Promising
16851.0,4,3,342.45,4,New / Promising
14923.0,50,1,749.0999999999998,4,New / Promising
14139.0,46,4,1086.7999999999995,4,New / Promising
15963.0,19,2,470.76,4,New / Promising
12491.0,38,1,460.4000000000001,4,New / Promising
14974.0,37,1,114.39,4,New / Promising
15748.0,40,3,614.76,4,New / Promising
17608.0,33,4,498.53000000000014,4,New / Promising
14073.0,32,1,151.04,4,New / Promising
14354.0,5,2,163.62,4,New / Promising
16025.0,29,1,439.66,4,New / Promising
17566.0,8,2,901.2100000000008,4,New / Promising
15524.0,24,2,591.4,4,New / Promising
12445.0,22,2,434.98,4,New / Promising
16482.0,15,1,220.62,4,New / Promising
17379.0,11,1,404.66,4,New / Promising
16800.0,11,1,1201.4900000000002,4,New / Promising
13428.0,10,3,499.98,4,New / Promising
13298.0,1,1,360.0,4,New / Promising
12788.0,463,4,444.9000000000001,0,Lost / Hibernating
15151.0,423,2,2085.61,0,Lost / Hibernating
15666.0,472,2,632.94,0,Lost / Hibernating
17156.0,491,1,591.8700000000001,3,At Risk
15893.0,481,1,305.28000000000003,3,At Risk
16870.0,469,1,450.1600000000001,3,At Risk
13701.0,446,1,161.00000000000003,3,At Risk
13281.0,439,1,350.84999999999997,3,At Risk
12964.0,437,1,132.24,3,At Risk
14742.0,435,1,579.8499999999997,3,At Risk
16958.0,435,1,809.4399999999998,3,At Risk
14991.0,430,1,314.66999999999996,3,At Risk
15490.0,430,1,217.59999999999997,3,At Risk
16760.0,430,1,228.0,3,At Risk
13829.0,421,1,102.0,3,At Risk
13676.0,539,2,243.9,3,At Risk
16548.0,599,1,30.15,3,At Risk
17057.0,596,1,288.79,3,At Risk
14743.0,592,1,50.48,3,At Risk
13143.0,584,1,405.1,3,At Risk
12675.0,553,2,958.5000000000002,0,Lost / Hibernating
18208.0,565,1,360.08,3,At Risk
16831.0,564,1,91.8,3,At Risk
16328.0,563,1,310.83,3,At Risk
13056.0,551,1,209.48,3,At Risk
15352.0,548,1,114.95,3,At Risk
13794.0,546,1,126.03000000000002,3,At Risk
15040.0,541,1,7.49,3,At Risk
16492.0,540,1,385.56,3,At Risk
14516.0,516,1,163.91999999999996,3,At Risk
15061.0,3,127,137817.06999999998,1,Loyal Customers
15051.0,23,9,3935.16,2,Champions
13110.0,31,12,2957.4700000000003,2,Champions
12758.0,116,7,9903.24,2,Champions
17345.0,15,10,1604.68,2,Champions
14135.0,1,24,9643.92,1,Loyal Customers
13777.0,0,61,56478.420000000006,1,Loyal Customers
17087.0,737,1,221.53,3,At Risk
16550.0,108,18,9429.23,2,Champions
16797.0,393,5,1827.770000000001,0,Lost / Hibernating
14396.0,65,7,2121.9300000000003,2,Champions
16200.0,4,12,5643.449999999999,1,Loyal Customers
14915.0,91,11,1811.25,2,Champions
14051.0,0,37,22434.000000000004,1,Loyal Customers
15179.0,18,13,7491.919999999998,2,Champions
17913.0,58,14,3475.4399999999996,2,Champions
15856.0,4,52,34219.079999999994,1,Loyal Customers
15550.0,4,12,2218.8000000000006,2,Champions
16612.0,32,9,3245.4300000000003,2,Champions
13114.0,730,1,234.37999999999997,3,At Risk
13768.0,726,2,875.97,0,Lost / Hibernating
16912.0,28,15,4480.31,2,Champions
12924.0,88,12,2461.4500000000003,2,Champions
13825.0,621,2,255.59000000000003,3,At Risk
14898.0,23,14,3507.8099999999995,2,Champions
17343.0,355,6,1259.9399999999998,0,Lost / Hibernating
17432.0,18,9,1751.39,2,Champions
17160.0,31,17,10209.160000000002,1,Loyal Customers
12970.0,7,10,1523.91,2,Champions
18181.0,24,5,1205.9399999999998,4,New / Promising
12748.0,0,324,52578.13999999992,1,Loyal Customers
16593.0,50,8,1071.14,2,Champions
12975.0,436,6,2100.0900000000006,0,Lost / Hibernating
14546.0,5,11,5197.900000000001,2,Champions
15822.0,3,6,1840.06,2,Champions
15115.0,18,2,531.8500000000001,4,New / Promising
16768.0,47,9,1708.12,2,Champions
17990.0,236,6,1527.61,0,Lost / Hibernating
13382.0,280,5,1387.5800000000004,0,Lost / Hibernating
18271.0,609,2,680.8499999999999,0,Lost / Hibernating
17268.0,107,11,1733.89,2,Champions
13571.0,12,26,4546.539999999999,1,Loyal Customers
15889.0,156,8,1782.3299999999997,0,Lost / Hibernating
14702.0,1,29,6742.420000000001,1,Loyal Customers
14643.0,170,5,1679.89,0,Lost / Hibernating
16470.0,51,11,2458.6,2,Champions
16365.0,17,15,3307.1999999999994,2,Champions
12854.0,78,7,2994.02,2,Champions
13668.0,2,35,13089.94,1,Loyal Customers
12664.0,8,11,6070.04,2,Champions
13317.0,66,19,6486.091,2,Champions
16805.0,173,4,1082.24,0,Lost / Hibernating
17251.0,362,3,812.4300000000001,0,Lost / Hibernating
12956.0,306,4,521.8899999999999,0,Lost / Hibernating
15312.0,75,12,2930.19,2,Champions
18286.0,476,2,1296.4300000000003,0,Lost / Hibernating
18201.0,722,1,447.53,3,At Risk
17612.0,53,18,5394.86,2,Champions
13203.0,9,10,2648.2500000000005,2,Champions
17400.0,126,8,4677.050000000001,2,Champions
13039.0,584,4,1010.73,0,Lost / Hibernating
12826.0,2,12,2955.75,1,Loyal Customers
17888.0,21,25,1820.44,2,Champions
16641.0,105,2,554.5,0,Lost / Hibernating
12648.0,154,4,1112.0,0,Lost / Hibernating
13622.0,696,1,658.95,3,At Risk
13929.0,169,11,3494.1,2,Champions
16452.0,630,2,332.16999999999996,3,At Risk
12813.0,501,3,1687.8000000000002,0,Lost / Hibernating
17591.0,73,8,2776.6700000000005,2,Champions
15375.0,690,1,60.959999999999994,3,At Risk
15198.0,92,5,571.35,0,Lost / Hibernating
14413.0,362,3,427.56999999999994,0,Lost / Hibernating
14595.0,19,8,2164.45,2,Champions
12986.0,428,10,2729.84,0,Lost / Hibernating
15910.0,0,15,2681.7999999999997,1,Loyal Customers
14538.0,64,5,1370.84,0,Lost / Hibernating
12905.0,576,2,1018.4200000000002,0,Lost / Hibernating
15798.0,492,3,1535.37,0,Lost / Hibernating
17137.0,416,6,1133.63,0,Lost / Hibernating
14306.0,51,6,3151.3999999999996,2,Champions
16655.0,17,13,6548.370000000001,2,Champions
17146.0,105,13,5860.240000000002,2,Champions
16704.0,618,2,695.66,0,Lost / Hibernating
17342.0,379,4,1227.54,0,Lost / Hibernating
14609.0,72,10,1486.2,2,Champions
17685.0,16,12,5943.17,2,Champions
17226.0,308,3,900.1199999999999,0,Lost / Hibernating
15278.0,561,4,496.16,0,Lost / Hibernating
13587.0,63,4,1673.4999999999998,0,Lost / Hibernating
17285.0,628,2,420.8399999999998,3,At Risk
15964.0,663,1,272.96,3,At Risk
16359.0,7,16,2697.7499999999995,2,Champions
12960.0,413,4,1322.07,0,Lost / Hibernating
14322.0,429,4,474.1,0,Lost / Hibernating
13020.0,562,2,618.96,0,Lost / Hibernating
14997.0,46,4,776.6,4,New / Promising
15058.0,25,16,3410.0299999999997,2,Champions
13469.0,653,1,82.4,3,At Risk
16471.0,274,4,1189.9799999999998,0,Lost / Hibernating
14459.0,155,2,5375.740999999998,0,Lost / Hibernating
15569.0,103,10,3586.3500000000004,2,Champions
15149.0,133,4,1524.61,0,Lost / Hibernating
16511.0,21,6,1817.02,2,Champions
13797.0,436,3,1179.4500000000005,0,Lost / Hibernating
13126.0,4,13,3998.250000000001,1,Loyal Customers
15927.0,647,1,123.39000000000004,3,At Risk
12525.0,498,3,973.7299999999998,0,Lost / Hibernating
13593.0,108,14,5523.6900000000005,2,Champions
17020.0,542,2,935.62,0,Lost / Hibernating
12594.0,37,15,5090.110000000001,2,Champions
15875.0,646,1,111.71999999999998,3,At Risk
18151.0,134,6,1879.44,0,Lost / Hibernating
16859.0,144,7,1932.41,0,Lost / Hibernating
17847.0,515,2,125.74,3,At Risk
13280.0,122,7,2322.63,2,Champions
13201.0,502,4,1240.61,0,Lost / Hibernating
15847.0,38,5,822.5699999999999,4,New / Promising
15791.0,43,5,3608.34,2,Champions
17325.0,280,3,609.5699999999999,0,Lost / Hibernating
14147.0,78,9,2590.2,2,Champions
16756.0,214,7,1312.37,0,Lost / Hibernating
13484.0,241,3,790.7199999999999,0,Lost / Hibernating
16611.0,186,6,1785.13,0,Lost / Hibernating
17588.0,100,7,2939.55,2,Champions
16586.0,248,3,1462.78,0,Lost / Hibernating
14604.0,633,1,136.36,3,At Risk
14872.0,483,3,816.5999999999999,0,Lost / Hibernating
18187.0,631,1,724.8900000000003,3,At Risk
12615.0,2,8,5740.98,2,Champions
14292.0,7,16,9226.25,1,Loyal Customers
12639.0,238,3,1312.37,0,Lost / Hibernating
15086.0,564,2,218.53000000000003,3,At Risk
16444.0,46,17,3656.579999999999,2,Champions
14026.0,470,2,713.1099999999999,0,Lost / Hibernating
14202.0,381,3,847.76,0,Lost / Hibernating
12726.0,28,11,4014.6,2,Champions
18215.0,89,5,2247.49,0,Lost / Hibernating
14612.0,415,1,877.6999999999998,3,At Risk
15590.0,382,5,1496.6,0,Lost / Hibernating
18277.0,58,5,1180.0500000000002,0,Lost / Hibernating
14891.0,148,4,1106.73,0,Lost / Hibernating
14631.0,50,6,2025.69,2,Champions
14656.0,169,5,814.6500000000001,0,Lost / Hibernating
18075.0,23,20,5783.290000000001,1,Loyal Customers
13746.0,413,1,176.69,3,At Risk
16373.0,382,2,309.48999999999995,3,At Risk
13977.0,411,1,519.81,3,At Risk
13118.0,19,9,2415.41,2,Champions
18116.0,67,13,2150.700000000001,2,Champions
16904.0,4,20,5113.570000000002,1,Loyal Customers
12790.0,192,2,591.8500000000001,0,Lost / Hibernating
17070.0,114,2,445.31999999999994,3,At Risk
13213.0,56,11,3851.52,2,Champions
18136.0,63,5,1631.36,2,Champions
16607.0,17,25,5706.87,1,Loyal Customers
12563.0,408,1,249.24,3,At Risk
15351.0,12,10,3738.29,2,Champions
14848.0,404,1,310.56,3,At Risk
17413.0,404,2,560.14,0,Lost / Hibernating
16500.0,4,9,843.91,2,Champions
13215.0,402,1,81.6,3,At Risk
15336.0,401,1,240.5,3,At Risk
13045.0,99,3,808.9200000000001,0,Lost / Hibernating
17254.0,4,3,470.73,4,New / Promising
17987.0,185,5,1003.64,0,Lost / Hibernating
13660.0,400,1,314.58999999999986,3,At Risk
13278.0,40,4,1425.35,4,New / Promising
14825.0,3,24,4925.080000000001,1,Loyal Customers
17084.0,35,3,5202.970000000001,2,Champions
14275.0,395,6,1189.38,0,Lost / Hibernating
17467.0,395,1,102.6,3,At Risk
13945.0,394,2,854.15,0,Lost / Hibernating
17815.0,393,1,591.96,3,At Risk
13684.0,285,4,596.98,0,Lost / Hibernating
13789.0,388,1,239.46,3,At Risk
14913.0,35,8,4073.129999999997,2,Champions
13300.0,169,3,1285.5099999999998,0,Lost / Hibernating
13158.0,94,5,1508.1799999999998,0,Lost / Hibernating
16386.0,28,3,1102.59,4,New / Promising
15402.0,148,6,1830.1200000000003,0,Lost / Hibernating
13964.0,387,2,438.9,3,At Risk
13546.0,12,5,1092.14,4,New / Promising
13651.0,39,2,211.85,4,New / Promising
17237.0,11,4,1002.08,4,New / Promising
16357.0,33,4,868.3699999999999,4,New / Promising
17580.0,252,5,542.32,0,Lost / Hibernating
15834.0,70,7,3770.49,2,Champions
15625.0,103,9,3236.4,2,Champions
14014.0,77,3,1948.21,0,Lost / Hibernating
15012.0,53,3,860.6199999999998,4,New / Promising
17643.0,373,2,541.25,3,At Risk
16274.0,373,1,675.5000000000003,3,At Risk
12686.0,371,1,178.28,3,At Risk
13370.0,371,1,1509.7400000000007,0,Lost / Hibernating
15304.0,60,9,919.55,2,Champions
17827.0,5,6,2388.0500000000006,2,Champions
12944.0,35,2,604.51,4,New / Promising
12383.0,184,5,1850.56,0,Lost / Hibernating
16315.0,330,2,402.71,3,At Risk
15687.0,8,9,2993.1000000000004,2,Champions
13385.0,329,1,534.5700000000002,3,At Risk
14501.0,183,2,251.21,3,At Risk
15052.0,319,1,215.78,3,At Risk
16496.0,8,6,2330.77,2,Champions
13707.0,267,5,3365.8600000000006,0,Lost / Hibernating
16403.0,312,1,177.5,3,At Risk
14411.0,310,1,1063.0,0,Lost / Hibernating
12414.0,217,4,692.4100000000001,0,Lost / Hibernating
16332.0,28,11,2007.8900000000003,2,Champions
15809.0,36,7,1274.4399999999998,2,Champions
16425.0,302,1,302.69999999999993,3,At Risk
17705.0,3,11,2083.9,2,Champions
13475.0,191,4,1431.78,0,Lost / Hibernating
13744.0,95,2,1156.36,0,Lost / Hibernating
15397.0,289,1,94.0,3,At Risk
12565.0,288,1,145.92,3,At Risk
15656.0,45,4,748.5000000000001,4,New / Promising
15676.0,18,3,3435.759999999999,2,Champions
14995.0,38,2,233.23,4,New / Promising
13908.0,79,4,2369.55,0,Lost / Hibernating
16766.0,273,2,1145.6,0,Lost / Hibernating
15125.0,25,24,17024.87,1,Loyal Customers
16040.0,65,7,2416.9,2,Champions
14633.0,266,1,344.9000000000001,3,At Risk
14693.0,264,7,1165.36,0,Lost / Hibernating
13934.0,263,1,922.0999999999996,0,Lost / Hibernating
15669.0,40,4,684.3399999999999,4,New / Promising
15855.0,136,6,1052.7199999999998,0,Lost / Hibernating
15457.0,262,1,237.07,3,At Risk
17698.0,260,1,154.95000000000002,3,At Risk
15045.0,151,2,735.66,0,Lost / Hibernating
15980.0,88,7,6593.680000000001,2,Champions
15832.0,254,1,836.7899999999998,3,At Risk
13015.0,53,11,6586.42,2,Champions
13712.0,246,2,766.4200000000001,0,Lost / Hibernating
16469.0,23,5,828.9100000000001,4,New / Promising
17574.0,242,1,185.65,3,At Risk
16966.0,8,7,2154.9700000000003,2,Champions
15935.0,239,1,108.04,3,At Risk
13120.0,238,1,30.6,3,At Risk
17697.0,236,1,338.95000000000005,3,At Risk
15508.0,189,6,1000.2700000000002,0,Lost / Hibernating
15952.0,33,4,806.5699999999999,4,New / Promising
14288.0,213,1,426.6,3,At Risk
14731.0,47,3,380.02,4,New / Promising
12871.0,84,3,744.02,0,Lost / Hibernating
16647.0,169,4,541.9,0,Lost / Hibernating
16463.0,21,4,1422.4,4,New / Promising
15705.0,201,1,143.10000000000002,3,At Risk
15734.0,114,4,2263.3,0,Lost / Hibernating
13737.0,200,1,339.59999999999997,3,At Risk
16448.0,198,2,367.87000000000006,3,At Risk
13135.0,196,2,3371.45,0,Lost / Hibernating
13398.0,192,2,670.3400000000001,0,Lost / Hibernating
15411.0,26,4,1358.88,4,New / Promising
16852.0,10,2,144.91000000000005,4,New / Promising
12830.0,37,6,6814.639999999999,2,Champions
12444.0,21,5,5005.46,2,Champions
12704.0,7,8,2340.84,2,Champions
16009.0,22,4,992.71,4,New / Promising
17046.0,157,5,1906.0699999999997,0,Lost / Hibernating
18122.0,8,6,1824.9900000000007,2,Champions
14862.0,25,2,841.2,4,New / Promising
15256.0,148,2,170.4,3,At Risk
17948.0,147,1,358.56000000000006,3,At Risk
14117.0,143,1,90.0,3,At Risk
12716.0,3,2,1053.4899999999996,4,New / Promising
13928.0,10,4,464.5700000000001,4,New / Promising
13023.0,64,3,1449.0300000000004,0,Lost / Hibernating
12750.0,128,1,275.88,3,At Risk
17331.0,123,1,175.2,3,At Risk
15247.0,122,3,976.06,0,Lost / Hibernating
12364.0,7,4,1313.1,4,New / Promising
15701.0,2,4,1542.1400000000003,4,New / Promising
13273.0,113,1,138.97999999999996,3,At Risk
16674.0,54,2,319.61000000000007,4,New / Promising
15136.0,2,4,1286.7000000000005,4,New / Promising
18255.0,89,2,303.15,3,At Risk
15343.0,87,1,364.5,3,At Risk
14780.0,54,2,447.6799999999999,4,New / Promising
17506.0,75,1,302.2,3,At Risk
15348.0,72,1,158.03999999999996,3,At Risk
13061.0,72,1,248.61,3,At Risk
15185.0,70,1,310.62000000000006,3,At Risk
18059.0,23,3,306.46000000000004,4,New / Promising
15930.0,67,1,426.63000000000017,4,New / Promising
16106.0,65,1,108.38,3,At Risk
13845.0,64,1,312.98,4,New / Promising
13177.0,64,2,512.2,4,New / Promising
17295.0,28,3,556.9499999999998,4,New / Promising
15193.0,60,1,499.32,4,New / Promising
18169.0,60,1,202.65000000000003,3,At Risk
17459.0,43,2,657.3,4,New / Promising
17614.0,57,1,390.0699999999999,4,New / Promising
15355.0,29,2,277.05,4,New / Promising
12611.0,52,1,1193.32,4,New / Promising
16123.0,51,1,307.78,4,New / Promising
15286.0,49,1,240.55,4,New / Promising
16056.0,45,1,664.85,4,New / Promising
14102.0,5,5,1360.2799999999995,4,New / Promising
15320.0,44,1,267.13,4,New / Promising
12430.0,43,1,256.4,4,New / Promising
14098.0,36,1,147.34999999999997,4,New / Promising
16506.0,19,2,90.3,4,New / Promising
15667.0,39,1,301.32000000000005,4,New / Promising
17078.0,36,2,375.86000000000007,4,New / Promising
13040.0,8,2,676.9900000000001,4,New / Promising
13522.0,30,1,125.8,4,New / Promising
16953.0,30,1,20.8,3,At Risk
18274.0,30,1,175.92000000000002,4,New / Promising
14788.0,7,3,1156.3199999999997,4,New / Promising
12762.0,7,2,1898.5200000000004,4,New / Promising
12374.0,25,4,2989.2200000000003,2,Champions
14666.0,24,1,179.95,4,New / Promising
13739.0,18,2,292.2,4,New / Promising
17100.0,18,2,971.74,4,New / Promising
15699.0,17,1,309.6499999999999,4,New / Promising
17232.0,2,2,421.5200000000001,4,New / Promising
15783.0,10,1,246.3,4,New / Promising
15060.0,8,4,301.8399999999999,4,New / Promising
17942.0,7,1,77.50000000000001,4,New / Promising
13998.0,446,3,566.7,0,Lost / Hibernating
14563.0,509,2,664.3199999999997,0,Lost / Hibernating
17177.0,505,1,119.50000000000004,3,At Risk
13788.0,505,1,3.75,3,At Risk
18207.0,499,1,544.4699999999999,3,At Risk
14011.0,480,2,457.81999999999994,3,At Risk
13024.0,470,2,555.8700000000001,3,At Risk
14433.0,465,1,289.59999999999997,3,At Risk
12575.0,457,2,622.8199999999999,0,Lost / Hibernating
12460.0,456,1,326.65,3,At Risk
15401.0,452,2,216.95,3,At Risk
17149.0,451,1,143.1,3,At Risk
16522.0,435,2,433.36,3,At Risk
16264.0,438,2,837.5299999999999,0,Lost / Hibernating
13702.0,445,1,135.18,3,At Risk
13556.0,429,2,200.82,3,At Risk
13380.0,432,1,62.4,3,At Risk
13367.0,431,1,510.2,3,At Risk
12511.0,428,1,3084.0200000000004,0,Lost / Hibernating
13909.0,423,2,286.6,3,At Risk
17687.0,420,1,432.6799999999999,3,At Risk
17938.0,420,1,144.29000000000005,3,At Risk
17316.0,420,1,124.45000000000006,3,At Risk
13179.0,618,1,572.3100000000001,3,At Risk
15029.0,619,1,365.1,3,At Risk
13197.0,609,1,373.0100000000001,3,At Risk
12969.0,602,1,122.45,3,At Risk
17626.0,602,1,254.0,3,At Risk
12780.0,598,1,337.39999999999986,3,At Risk
16408.0,591,1,231.93000000000004,3,At Risk
16651.0,586,1,136.2,3,At Risk
18163.0,584,1,728.84,3,At Risk
14941.0,578,1,182.09999999999997,3,At Risk
14033.0,555,1,109.44,3,At Risk
18234.0,551,1,179.6,3,At Risk
13337.0,546,1,1575.26,0,Lost / Hibernating
18020.0,543,1,190.48,3,At Risk
16683.0,533,1,320.25,3,At Risk
13620.0,528,1,112.34000000000002,3,At Risk
18279.0,519,1,231.33999999999995,3,At Risk
18087.0,290,16,13908.719999999998,2,Champions
17700.0,16,14,6679.969999999999,2,Champions
16393.0,2,23,5561.66,1,Loyal Customers
18037.0,154,15,167.42000000000002,0,Lost / Hibernating
15005.0,15,56,14104.2,1,Loyal Customers
15601.0,11,30,14960.119999999994,1,Loyal Customers
16163.0,232,6,2849.58,0,Lost / Hibernating
14106.0,737,1,214.8,3,At Risk
14987.0,15,8,1713.85,2,Champions
14841.0,53,14,7163.0,2,Champions
16156.0,8,20,6218.18,1,Loyal Customers
15255.0,66,9,3729.42,2,Champions
17035.0,245,4,613.59,0,Lost / Hibernating
12835.0,427,41,6043.3099999999995,2,Champions
17069.0,28,14,5794.28,2,Champions
17465.0,425,7,2542.79,0,Lost / Hibernating
17271.0,736,1,210.38999999999996,3,At Risk
14031.0,7,44,40999.169999999984,1,Loyal Customers
13557.0,28,13,3032.26,2,Champions
13136.0,56,13,6274.5599999999995,2,Champions
13727.0,28,8,1080.05,2,Champions
16755.0,114,7,2900.58,2,Champions
13770.0,422,4,785.3699999999999,0,Lost / Hibernating
13426.0,0,22,8167.379999999999,1,Loyal Customers
13498.0,730,1,327.37999999999994,3,At Risk
18061.0,21,28,6488.969999999999,1,Loyal Customers
16656.0,22,30,16833.17,1,Loyal Customers
16723.0,91,4,1301.63,0,Lost / Hibernating
17935.0,138,7,686.1400000000001,0,Lost / Hibernating
17151.0,735,1,231.9,3,At Risk
17244.0,53,5,1826.0399999999995,2,Champions
17916.0,628,2,43.87000000000001,3,At Risk
18219.0,2,17,3562.8899999999994,1,Loyal Customers
17364.0,0,28,12070.419999999998,1,Loyal Customers
15694.0,0,24,10810.809999999998,1,Loyal Customers
17270.0,469,2,604.4000000000001,0,Lost / Hibernating
16732.0,31,4,4387.64,2,Champions
14494.0,25,3,401.46,4,New / Promising
16663.0,729,1,165.0,3,At Risk
16985.0,17,23,10923.159999999998,1,Loyal Customers
13831.0,16,18,7023.580000000001,1,Loyal Customers
12957.0,9,13,8706.970000000001,1,Loyal Customers
13953.0,7,12,6640.679999999999,1,Loyal Customers
17539.0,628,3,1211.5700000000006,0,Lost / Hibernating
15920.0,154,8,567.6899999999999,0,Lost / Hibernating
16280.0,725,1,238.05,3,At Risk
13405.0,204,5,1198.81,0,Lost / Hibernating
17816.0,36,6,112.32,4,New / Promising
13952.0,217,14,12823.520999999995,2,Champions
13178.0,26,21,14059.19,1,Loyal Customers
17873.0,80,18,6386.500000000002,2,Champions
16694.0,723,1,98.3,3,At Risk
14422.0,0,19,10271.520000000002,1,Loyal Customers
16150.0,42,10,4395.59,2,Champions
15497.0,17,9,8657.39,2,Champions
13111.0,718,1,321.88000000000005,3,At Risk
14819.0,64,4,470.16,4,New / Promising
15586.0,592,3,1139.1,0,Lost / Hibernating
17323.0,15,12,1562.1899999999998,2,Champions
13709.0,3,18,7591.749999999999,1,Loyal Customers
16414.0,21,5,559.7099999999999,4,New / Promising
12431.0,35,27,10857.97,1,Loyal Customers
12631.0,57,6,3481.57,2,Champions
14209.0,10,15,4993.27,1,Loyal Customers
14837.0,89,9,3460.3200000000006,2,Champions
17071.0,28,13,3801.199999999999,2,Champions
17218.0,4,18,4190.68,1,Loyal Customers
15259.0,512,4,1182.38,0,Lost / Hibernating
15218.0,10,22,11501.570000000003,1,Loyal Customers
17536.0,177,3,364.8299999999999,0,Lost / Hibernating
13101.0,234,4,695.4,0,Lost / Hibernating
14613.0,680,1,76.32000000000001,3,At Risk
16137.0,680,1,422.7,3,At Risk
15448.0,312,2,788.81,0,Lost / Hibernating
14884.0,669,1,120.6,3,At Risk
12370.0,51,7,4320.309999999999,2,Champions
16530.0,668,1,48.349999999999994,3,At Risk
12474.0,17,31,12424.449999999995,1,Loyal Customers
12677.0,555,2,395.1,3,At Risk
13288.0,443,5,927.61,0,Lost / Hibernating
15807.0,50,5,1817.52,2,Champions
13291.0,155,11,3320.840000000001,2,Champions
16895.0,64,5,1121.42,0,Lost / Hibernating
17547.0,375,2,727.8499999999999,0,Lost / Hibernating
17029.0,110,7,2137.3,2,Champions
17108.0,663,1,174.95,3,At Risk
15272.0,57,6,2085.4799999999996,2,Champions
13579.0,14,5,1539.04,2,Champions
12416.0,656,1,202.56,3,At Risk
17081.0,25,6,964.3899999999998,2,Champions
17259.0,148,6,1889.34,0,Lost / Hibernating
13334.0,82,5,6263.750000000001,2,Champions
14402.0,652,1,285.6,3,At Risk
17207.0,652,1,302.37000000000006,3,At Risk
16099.0,50,7,1573.2,2,Champions
17930.0,35,13,4275.22,2,Champions
15030.0,71,8,1979.91,2,Champions
12399.0,119,7,1962.3,0,Lost / Hibernating
15978.0,77,3,3279.4199999999996,0,Lost / Hibernating
16271.0,15,8,3433.0199999999995,2,Champions
15443.0,1,14,5175.930000000003,1,Loyal Customers
16466.0,33,15,3838.5899999999992,2,Champions
17682.0,10,11,4456.78,2,Champions
16628.0,29,7,2318.1000000000004,2,Champions
12638.0,33,2,921.49,4,New / Promising
14645.0,156,3,876.89,0,Lost / Hibernating
17478.0,408,2,1272.8,0,Lost / Hibernating
16777.0,80,5,1307.76,0,Lost / Hibernating
16254.0,378,3,985.14,0,Lost / Hibernating
13406.0,427,2,568.92,0,Lost / Hibernating
14400.0,149,3,1732.4700000000005,0,Lost / Hibernating
13057.0,530,3,722.0900000000001,0,Lost / Hibernating
13243.0,203,5,1278.0399999999995,0,Lost / Hibernating
15496.0,631,1,146.14,3,At Risk
13230.0,4,30,6350.280000000001,1,Loyal Customers
13150.0,484,3,449.97,0,Lost / Hibernating
16508.0,630,1,248.8,3,At Risk
16077.0,625,1,2300.4,0,Lost / Hibernating
17484.0,576,2,209.57,3,At Risk
17582.0,236,5,1450.6999999999998,0,Lost / Hibernating
15572.0,4,10,4068.67,2,Champions
13780.0,7,3,735.8200000000002,4,New / Promising
18025.0,379,6,1177.7200000000005,0,Lost / Hibernating
15034.0,15,14,8313.4,1,Loyal Customers
14810.0,40,13,2537.02,2,Champions
15772.0,418,1,280.88000000000005,3,At Risk
13516.0,21,4,1685.26,4,New / Promising
13464.0,58,6,3097.640000000001,2,Champions
16069.0,417,1,457.7000000000001,3,At Risk
14395.0,2,20,8208.01,1,Loyal Customers
16141.0,88,2,955.94,0,Lost / Hibernating
15281.0,58,16,8543.569999999994,2,Champions
12454.0,56,5,16679.78,2,Champions
13134.0,85,6,2475.2299999999996,2,Champions
18241.0,9,21,2986.99,1,Loyal Customers
16898.0,26,5,1016.3700000000002,4,New / Promising
16814.0,14,36,12489.81,1,Loyal Customers
14766.0,8,11,6556.129999999998,2,Champions
15976.0,165,6,1732.5399999999995,0,Lost / Hibernating
16005.0,12,10,2435.7999999999993,2,Champions
14718.0,410,1,226.42,3,At Risk
14515.0,17,12,3749.26,2,Champions
16259.0,410,3,361.93999999999994,3,At Risk
12411.0,409,1,346.9,3,At Risk
13363.0,17,3,1723.8600000000004,4,New / Promising
16692.0,256,4,1914.7,0,Lost / Hibernating
14744.0,16,14,3885.079999999999,2,Champions
16231.0,379,4,1078.22,0,Lost / Hibernating
16606.0,404,2,357.66,3,At Risk
15675.0,81,4,542.04,0,Lost / Hibernating
15729.0,212,3,192.55,3,At Risk
17708.0,187,4,887.9300000000001,0,Lost / Hibernating
13607.0,40,2,1078.3099999999995,4,New / Promising
14733.0,16,15,16184.97,1,Loyal Customers
17363.0,395,3,940.8599999999998,0,Lost / Hibernating
14912.0,16,5,1849.58,2,Champions
17735.0,2,26,17244.93000000001,1,Loyal Customers
15233.0,401,1,59.400000000000006,3,At Risk
14450.0,180,7,1128.4399999999998,0,Lost / Hibernating
15752.0,39,9,4207.54,2,Champions
15379.0,169,8,4877.84,2,Champions
16546.0,290,5,5606.470000000001,0,Lost / Hibernating
17790.0,26,20,2783.6099999999997,2,Champions
12588.0,39,4,958.78,4,New / Promising
13996.0,386,2,895.7600000000001,0,Lost / Hibernating
18018.0,108,4,297.99,0,Lost / Hibernating
16640.0,397,1,179.39999999999998,3,At Risk
17062.0,313,6,1198.14,0,Lost / Hibernating
14927.0,396,1,308.19999999999993,3,At Risk
14193.0,67,3,1210.19,0,Lost / Hibernating
14482.0,18,12,4357.91,2,Champions
13671.0,394,1,194.94999999999996,3,At Risk
16358.0,1,5,2919.6500000000005,2,Champions
16662.0,394,1,163.79999999999998,3,At Risk
17980.0,165,4,1033.42,0,Lost / Hibernating
18050.0,359,2,412.05999999999995,3,At Risk
12352.0,36,9,2009.54,2,Champions
12734.0,352,3,639.65,0,Lost / Hibernating
16935.0,381,3,535.0999999999999,0,Lost / Hibernating
17889.0,212,7,774.8700000000001,0,Lost / Hibernating
17203.0,35,10,5575.880000000002,2,Champions
17629.0,5,10,2455.52,2,Champions
17490.0,0,9,2750.4999999999995,1,Loyal Customers
16835.0,128,6,1538.4100000000003,0,Lost / Hibernating
14829.0,29,7,1692.84,2,Champions
13198.0,10,8,4974.23,2,Champions
17995.0,281,3,495.48,0,Lost / Hibernating
14932.0,365,2,1029.66,0,Lost / Hibernating
16346.0,385,1,224.51000000000008,3,At Risk
14616.0,242,5,527.78,0,Lost / Hibernating
17796.0,40,7,1361.9899999999998,2,Champions
16424.0,191,2,443.06,3,At Risk
14176.0,297,5,916.01,0,Lost / Hibernating
13843.0,381,1,319.75000000000006,3,At Risk
17601.0,239,2,421.05999999999983,3,At Risk
16988.0,5,2,382.67,4,New / Promising
17996.0,379,3,469.73,0,Lost / Hibernating
18161.0,15,6,1803.1,2,Champions
14410.0,92,11,2650.14,2,Champions
16235.0,40,9,2053.71,2,Champions
17723.0,127,7,3378.4,2,Champions
18074.0,373,2,1509.04,0,Lost / Hibernating
17303.0,361,1,250.0399999999999,3,At Risk
17214.0,60,6,1069.12,2,Champions
16743.0,29,14,4253.26,2,Champions
15171.0,331,1,1289.5,0,Lost / Hibernating
16943.0,211,3,816.73,0,Lost / Hibernating
14659.0,8,9,2529.9300000000003,2,Champions
17256.0,107,5,498.9299999999999,0,Lost / Hibernating
15589.0,255,3,478.53,0,Lost / Hibernating
12464.0,10,8,1212.05,2,Champions
14778.0,127,2,730.86,0,Lost / Hibernating
15407.0,33,4,1056.4399999999996,4,New / Promising
18093.0,93,8,4452.710000000001,2,Champions
16084.0,299,1,436.1799999999999,3,At Risk
15236.0,298,1,321.05,3,At Risk
13865.0,58,4,501.56000000000006,4,New / Promising
13973.0,287,1,264.7,3,At Risk
16187.0,31,15,6911.44,2,Champions
12509.0,284,1,176.5,3,At Risk
14620.0,205,2,412.78,3,At Risk
17923.0,282,3,497.0,0,Lost / Hibernating
16957.0,239,2,416.64,3,At Risk
14586.0,276,1,237.35999999999996,3,At Risk
13299.0,268,3,1218.6999999999998,0,Lost / Hibernating
17725.0,16,11,3439.0800000000004,2,Champions
12878.0,236,2,854.99,0,Lost / Hibernating
13196.0,11,7,3068.840000000001,2,Champions
18273.0,2,4,357.0,4,New / Promising
18010.0,256,1,174.79999999999998,3,At Risk
17719.0,37,15,5396.04,2,Champions
14886.0,252,1,364.80000000000007,3,At Risk
16609.0,15,7,5493.459999999998,2,Champions
14023.0,7,2,584.07,4,New / Promising
15201.0,87,7,1842.9500000000007,2,Champions
16144.0,246,1,175.2,3,At Risk
17928.0,45,3,313.15999999999997,4,New / Promising
16837.0,31,11,3170.9800000000005,2,Champions
12447.0,243,1,476.49,3,At Risk
15655.0,243,1,560.67,3,At Risk
16729.0,38,21,7236.599999999997,1,Loyal Customers
17670.0,227,1,205.7,3,At Risk
18146.0,140,2,160.35,3,At Risk
14199.0,218,4,1091.6999999999998,0,Lost / Hibernating
15258.0,168,2,623.1600000000001,0,Lost / Hibernating
14463.0,98,4,786.5699999999999,0,Lost / Hibernating
15116.0,17,4,1352.75,4,New / Promising
17455.0,203,1,131.7,3,At Risk
13657.0,10,2,382.14,4,New / Promising
14287.0,8,3,176.63,4,New / Promising
14338.0,161,3,928.1,0,Lost / Hibernating
17531.0,190,3,1266.82,0,Lost / Hibernating
15349.0,158,2,473.80999999999983,3,At Risk
15238.0,29,3,1071.99,4,New / Promising
14132.0,2,11,3586.0300000000007,1,Loyal Customers
12516.0,77,4,2648.62,0,Lost / Hibernating
16739.0,176,2,786.4300000000001,0,Lost / Hibernating
13575.0,23,5,732.0699999999999,4,New / Promising
17879.0,173,1,178.51999999999998,3,At Risk
15700.0,172,2,696.6799999999996,0,Lost / Hibernating
15041.0,170,2,293.6,3,At Risk
17709.0,169,5,671.01,0,Lost / Hibernating
17391.0,163,2,508.8,0,Lost / Hibernating
16589.0,71,4,612.3599999999999,4,New / Promising
17899.0,159,1,155.79999999999998,3,At Risk
13058.0,24,3,271.4,4,New / Promising
16488.0,33,3,498.8,4,New / Promising
12560.0,5,3,2134.01,4,New / Promising
16764.0,3,13,2799.250000000001,1,Loyal Customers
14259.0,141,1,120.0,3,At Risk
13925.0,92,4,678.25,0,Lost / Hibernating
12453.0,134,1,707.0899999999999,3,At Risk
15639.0,134,3,1065.08,0,Lost / Hibernating
15120.0,133,1,358.8199999999999,3,At Risk
12534.0,130,1,1089.18,0,Lost / Hibernating
13919.0,59,4,1360.68,0,Lost / Hibernating
14116.0,19,5,1382.7399999999998,2,Champions
13159.0,8,4,1437.8500000000004,4,New / Promising
12642.0,25,3,1013.26,4,New / Promising
13147.0,10,4,712.8000000000001,4,New / Promising
12794.0,53,2,860.4099999999999,4,New / Promising
17573.0,29,3,380.6,4,New / Promising
12884.0,88,1,309.05000000000007,3,At Risk
15707.0,35,4,945.5800000000004,4,New / Promising
16924.0,21,3,846.7499999999999,4,New / Promising
15239.0,10,2,780.59,4,New / Promising
17131.0,5,5,2463.1700000000005,2,Champions
16594.0,75,1,181.08999999999995,3,At Risk
13866.0,74,1,145.67,3,At Risk
14412.0,42,3,1426.1899999999996,4,New / Promising
16157.0,15,3,656.69,4,New / Promising
13924.0,1,6,1838.8500000000004,2,Champions
16909.0,72,1,379.14,4,New / Promising
16268.0,71,2,667.6500000000001,4,New / Promising
13801.0,66,1,324.79999999999995,4,New / Promising
16020.0,16,3,851.0100000000001,4,New / Promising
15297.0,10,3,641.94,4,New / Promising
17186.0,46,2,144.0,4,New / Promising
13685.0,2,7,3119.4400000000014,2,Champions
14234.0,22,4,775.4600000000003,4,New / Promising
16932.0,53,3,440.7100000000001,4,New / Promising
16826.0,51,1,341.70000000000005,4,New / Promising
12522.0,39,2,192.72,4,New / Promising
15006.0,51,2,820.1899999999998,4,New / Promising
15740.0,49,1,154.88000000000002,4,New / Promising
13028.0,22,2,661.3199999999999,4,New / Promising
17712.0,44,1,522.91,4,New / Promising
12448.0,44,1,449.4500000000001,4,New / Promising
16884.0,37,4,1073.9199999999998,4,New / Promising
17387.0,19,2,784.11,4,New / Promising
15025.0,33,2,1005.14,4,New / Promising
14929.0,32,2,836.69,4,New / Promising
16516.0,30,1,101.7,4,New / Promising
15531.0,8,2,2007.4399999999991,4,New / Promising
12617.0,29,1,355.5300000000002,4,New / Promising
12985.0,0,2,1239.38,4,New / Promising
14793.0,21,2,625.9000000000001,4,New / Promising
16376.0,8,2,987.0100000000008,4,New / Promising
14581.0,16,2,433.7999999999999,4,New / Promising
15790.0,10,1,220.84999999999997,4,New / Promising
14804.0,8,1,353.2699999999999,4,New / Promising
13560.0,7,1,174.37000000000003,4,New / Promising
14069.0,514,2,230.06000000000003,3,At Risk
17918.0,500,3,388.44000000000005,3,At Risk
17112.0,502,1,205.17,3,At Risk
15873.0,499,4,313.91999999999996,0,Lost / Hibernating
17168.0,498,1,400.2,3,At Risk
16334.0,492,1,277.48000000000013,3,At Risk
16196.0,488,1,93.3,3,At Risk
16675.0,441,2,608.86,0,Lost / Hibernating
13714.0,465,1,161.35,3,At Risk
13785.0,428,4,542.49,0,Lost / Hibernating
13683.0,457,1,258.6,3,At Risk
12760.0,455,1,347.8,3,At Risk
12554.0,448,1,468.49999999999994,3,At Risk
17743.0,448,1,229.2,3,At Risk
12751.0,444,1,268.27,3,At Risk
16269.0,437,1,717.5700000000004,3,At Risk
14230.0,435,3,979.8,0,Lost / Hibernating
16476.0,431,1,350.34999999999997,3,At Risk
16061.0,431,1,89.65,3,At Risk
15418.0,425,2,452.3200000000001,3,At Risk
17993.0,617,1,235.18999999999997,3,At Risk
15770.0,612,1,321.45000000000005,3,At Risk
16502.0,620,2,266.49999999999994,3,At Risk
15715.0,555,5,658.02,0,Lost / Hibernating
13661.0,603,1,325.24000000000007,3,At Risk
14724.0,590,1,345.25,3,At Risk
17605.0,590,1,160.75,3,At Risk
17565.0,586,1,131.83,3,At Risk
17225.0,581,1,131.15,3,At Risk
17583.0,560,1,135.95,3,At Risk
17617.0,558,1,395.3299999999999,3,At Risk
13586.0,541,1,131.52999999999997,3,At Risk
17748.0,527,1,358.15000000000003,3,At Risk
13635.0,67,4,2999.16,2,Champions
15413.0,691,5,6798.72,0,Lost / Hibernating
17804.0,376,3,385.23,0,Lost / Hibernating
13599.0,1,33,10167.63,1,Loyal Customers
15719.0,32,31,10221.410000000007,1,Loyal Customers
14478.0,382,4,1276.66,0,Lost / Hibernating
15967.0,23,12,3041.6000000000004,2,Champions
12921.0,9,74,35921.039999999986,1,Loyal Customers
15945.0,365,4,827.27,0,Lost / Hibernating
16700.0,8,25,9167.71,1,Loyal Customers
13564.0,354,36,16630.8,1,Loyal Customers
17841.0,1,211,70858.76999999987,1,Loyal Customers
14771.0,621,2,594.62,3,At Risk
17209.0,649,3,611.6,0,Lost / Hibernating
17411.0,12,5,1425.38,2,Champions
14057.0,23,22,8408.84,1,Loyal Customers
12487.0,730,1,285.29999999999995,3,At Risk
17929.0,11,12,3082.1,2,Champions
16709.0,84,14,9087.46,2,Champions
18065.0,5,28,5846.630000000001,1,Loyal Customers
17880.0,364,3,824.9199999999998,0,Lost / Hibernating
13848.0,92,8,3335.0,2,Champions
15465.0,19,32,12655.649999999998,1,Loyal Customers
15854.0,4,21,5583.81,1,Loyal Customers
13037.0,138,12,3914.9500000000007,2,Champions
12577.0,35,8,1649.7999999999995,2,Champions
12759.0,52,8,5020.740000000001,2,Champions
14961.0,10,22,16410.15,1,Loyal Customers
13175.0,582,2,831.4499999999999,0,Lost / Hibernating
13481.0,45,11,3830.84,2,Champions
14979.0,735,1,439.45999999999987,3,At Risk
15382.0,14,12,13733.55,1,Loyal Customers
18071.0,257,6,1428.63,0,Lost / Hibernating
15223.0,225,5,1417.9499999999998,0,Lost / Hibernating
17115.0,8,7,2761.49,2,Champions
12359.0,57,10,8935.939999999999,2,Champions
12583.0,2,27,14447.44,1,Loyal Customers
14454.0,376,5,977.3,0,Lost / Hibernating
16773.0,57,3,421.24000000000007,4,New / Promising
17707.0,185,8,609.3,0,Lost / Hibernating
16702.0,415,4,1109.5299999999995,0,Lost / Hibernating
13267.0,2,36,9758.260000000002,1,Loyal Customers
18259.0,24,7,4318.200000000001,2,Champions
17067.0,724,3,454.54,0,Lost / Hibernating
14861.0,52,10,1380.73,2,Champions
12785.0,364,3,1100.4,0,Lost / Hibernating
16892.0,1,7,762.0999999999998,4,New / Promising
17178.0,731,1,436.7099999999998,3,At Risk
13798.0,1,110,75836.87000000001,1,Loyal Customers
17675.0,1,70,38259.600000000006,1,Loyal Customers
18276.0,43,6,1656.5199999999998,2,Champions
16905.0,5,17,5031.649999999999,1,Loyal Customers
14191.0,1,15,4817.66,1,Loyal Customers
13077.0,1,11,3064.67,1,Loyal Customers
17344.0,46,2,468.1099999999999,4,New / Promising
14130.0,319,4,1882.6700000000003,0,Lost / Hibernating
15956.0,551,2,617.5999999999999,0,Lost / Hibernating
14685.0,576,8,4619.79,0,Lost / Hibernating
17075.0,17,10,2241.73,2,Champions
17416.0,29,22,17298.45,1,Loyal Customers
16858.0,368,10,4668.280000000001,0,Lost / Hibernating
14607.0,15,20,22589.63,1,Loyal Customers
15812.0,107,12,5201.470000000001,2,Champions
18260.0,172,23,9962.11,2,Champions
16197.0,469,9,2016.7100000000007,0,Lost / Hibernating
13289.0,723,1,307.95,3,At Risk
14625.0,196,11,4497.880000000001,2,Champions
14415.0,1,23,12091.600000000006,1,Loyal Customers
17091.0,2,19,7811.0999999999985,1,Loyal Customers
13008.0,323,3,612.13,0,Lost / Hibernating
18006.0,23,4,997.86,4,New / Promising
17028.0,581,3,1593.8300000000002,0,Lost / Hibernating
17807.0,395,3,437.86999999999995,0,Lost / Hibernating
14969.0,703,1,906.23,3,At Risk
13610.0,12,14,2174.6299999999997,2,Champions
14954.0,12,2,503.4399999999999,4,New / Promising
17362.0,239,7,1024.04,0,Lost / Hibernating
14091.0,654,2,9530.080000000002,0,Lost / Hibernating
17147.0,22,9,3199.95,2,Champions
12623.0,276,7,3747.84,0,Lost / Hibernating
14225.0,434,4,2037.02,0,Lost / Hibernating
14451.0,60,12,3308.77,2,Champions
16524.0,446,2,308.13999999999993,3,At Risk
16434.0,29,12,2741.74,2,Champions
14441.0,0,11,4611.6900000000005,1,Loyal Customers
17769.0,12,17,7103.08,1,Loyal Customers
17245.0,204,2,371.63,3,At Risk
17307.0,395,11,3999.89,0,Lost / Hibernating
13027.0,113,19,17335.2,2,Champions
17335.0,383,2,508.0,3,At Risk
12916.0,138,7,4654.0199999999995,2,Champions
14870.0,261,6,1838.9500000000005,0,Lost / Hibernating
16481.0,682,1,453.38,3,At Risk
17059.0,29,9,5602.530000000001,2,Champions
14279.0,520,2,191.86,3,At Risk
13583.0,155,2,1445.0310000000002,0,Lost / Hibernating
15943.0,649,2,271.28999999999996,3,At Risk
15416.0,64,7,4572.819999999999,2,Champions
16300.0,430,3,1392.4300000000003,0,Lost / Hibernating
15091.0,67,3,1046.61,0,Lost / Hibernating
16928.0,80,26,4013.78,2,Champions
17690.0,30,20,7448.100000000002,1,Loyal Customers
15660.0,25,15,2812.99,2,Champions
13700.0,26,13,2613.46,2,Champions
13304.0,351,4,1217.99,0,Lost / Hibernating
13976.0,206,4,1192.36,0,Lost / Hibernating
15244.0,65,3,912.0800000000002,4,New / Promising
16553.0,163,33,16644.01,1,Loyal Customers
15372.0,137,8,6017.0599999999995,2,Champions
17136.0,662,1,231.68,3,At Risk
14369.0,642,2,469.1299999999998,3,At Risk
13604.0,658,1,717.6199999999999,3,At Risk
13340.0,45,12,22100.56,2,Champions
17829.0,298,5,4756.740000000002,0,Lost / Hibernating
16208.0,44,10,3440.45,2,Champions
13944.0,653,1,200.43000000000004,3,At Risk
13010.0,374,2,330.12,3,At Risk
16731.0,648,1,174.05,3,At Risk
15622.0,43,17,7852.610000000001,2,Champions
14097.0,481,2,422.86,3,At Risk
15630.0,45,3,1481.4,4,New / Promising
13508.0,243,2,287.04999999999995,3,At Risk
17589.0,60,18,14018.199999999995,1,Loyal Customers
12765.0,472,6,1404.58,0,Lost / Hibernating
17438.0,253,5,1422.7700000000002,0,Lost / Hibernating
15722.0,35,11,5258.1,2,Champions
18149.0,50,7,1624.71,2,Champions
18131.0,631,1,222.96,3,At Risk
17838.0,26,13,6722.900000000002,2,Champions
12418.0,112,4,2021.2,0,Lost / Hibernating
18078.0,217,4,844.6000000000001,0,Lost / Hibernating
13357.0,257,5,3817.360000000001,0,Lost / Hibernating
13969.0,7,35,13365.87,1,Loyal Customers
13705.0,7,7,2035.33,2,Champions
18166.0,623,1,175.5,3,At Risk
12477.0,22,9,20276.37,2,Champions
15848.0,621,1,139.94000000000003,3,At Risk
14624.0,57,6,814.0700000000002,0,Lost / Hibernating
16043.0,37,8,1856.59,2,Champions
16065.0,365,8,2382.620000000001,0,Lost / Hibernating
14490.0,406,2,1273.47,0,Lost / Hibernating
13069.0,0,38,9683.130000000006,1,Loyal Customers
14907.0,3,16,6165.790000000001,1,Loyal Customers
17621.0,21,6,3175.12,2,Champions
17026.0,185,3,208.98,3,At Risk
17219.0,31,2,259.13,4,New / Promising
15617.0,396,3,828.5500000000002,0,Lost / Hibernating
18066.0,75,3,1440.4,0,Lost / Hibernating
15159.0,1,34,22116.730000000003,1,Loyal Customers
12973.0,413,1,385.55,3,At Risk
12787.0,9,4,862.1800000000001,4,New / Promising
17435.0,411,1,331.3500000000001,3,At Risk
12720.0,2,30,8260.670000000002,1,Loyal Customers
15646.0,157,5,974.6100000000002,0,Lost / Hibernating
13067.0,82,3,508.51,4,New / Promising
13963.0,308,17,3011.8700000000003,2,Champions
12591.0,317,3,1352.15,0,Lost / Hibernating
18062.0,173,6,1632.67,0,Lost / Hibernating
18278.0,73,2,414.2,4,New / Promising
14918.0,115,9,5955.8099999999995,2,Champions
17728.0,3,5,4238.76,2,Champions
17315.0,1,43,9640.52,1,Loyal Customers
17121.0,402,1,314.74,3,At Risk
18141.0,401,2,882.4699999999999,0,Lost / Hibernating
15888.0,80,3,423.49,4,New / Promising
17977.0,29,2,1565.63,4,New / Promising
12958.0,400,2,539.49,3,At Risk
15792.0,399,2,933.84,0,Lost / Hibernating
16570.0,15,20,7434.31,1,Loyal Customers
14053.0,124,4,572.3,0,Lost / Hibernating
16223.0,374,2,1102.35,0,Lost / Hibernating
14077.0,40,6,615.08,4,New / Promising
18280.0,277,2,488.15,3,At Risk
15215.0,46,7,2422.43,2,Champions
13719.0,15,11,2814.2699999999995,2,Champions
17300.0,390,2,393.64,3,At Risk
14936.0,33,12,12410.810000000003,2,Champions
16687.0,390,1,157.63,3,At Risk
12923.0,64,3,788.6200000000001,4,New / Promising
14599.0,390,2,474.54,3,At Risk
14189.0,2,16,5814.389999999999,1,Loyal Customers
17689.0,388,2,317.08000000000004,3,At Risk
15757.0,65,6,2940.3600000000006,2,Champions
12629.0,385,2,1558.2200000000005,0,Lost / Hibernating
17864.0,12,5,924.32,4,New / Promising
16885.0,15,4,709.4899999999999,4,New / Promising
17386.0,7,7,2812.7700000000004,2,Champions
12728.0,71,5,1070.17,0,Lost / Hibernating
15155.0,383,1,383.97,3,At Risk
15634.0,17,2,554.6500000000001,4,New / Promising
17179.0,178,6,1507.26,0,Lost / Hibernating
17870.0,2,13,3108.1499999999996,1,Loyal Customers
17031.0,11,6,2773.85,2,Champions
12935.0,2,15,4243.860000000001,1,Loyal Customers
13029.0,30,5,1927.3,2,Champions
14589.0,371,1,79.5,3,At Risk
16658.0,368,5,804.0699999999999,0,Lost / Hibernating
13270.0,366,1,1180.0,0,Lost / Hibernating
15211.0,60,2,1277.4800000000002,4,New / Promising
17937.0,8,7,4301.22,2,Champions
13284.0,330,1,201.19,3,At Risk
14976.0,57,7,789.8599999999999,2,Champions
16997.0,288,3,702.0,0,Lost / Hibernating
14782.0,319,1,200.1,3,At Risk
12764.0,316,1,1693.8800000000003,0,Lost / Hibernating
17619.0,312,1,218.52000000000004,3,At Risk
17881.0,304,1,133.35000000000002,3,At Risk
12372.0,71,3,1298.04,0,Lost / Hibernating
13489.0,105,4,449.52,0,Lost / Hibernating
13951.0,176,3,674.45,0,Lost / Hibernating
14803.0,162,3,845.55,0,Lost / Hibernating
18155.0,75,3,371.62,4,New / Promising
13038.0,80,3,908.46,0,Lost / Hibernating
15543.0,288,2,242.84000000000003,3,At Risk
13630.0,5,7,2031.78,2,Champions
12781.0,63,2,826.74,4,New / Promising
14046.0,284,1,151.58999999999995,3,At Risk
12428.0,25,8,7405.260000000001,2,Champions
13344.0,67,3,2543.72,0,Lost / Hibernating
14367.0,8,16,9261.52000000001,1,Loyal Customers
16572.0,127,3,1009.6,0,Lost / Hibernating
15308.0,274,1,310.47,3,At Risk
16778.0,74,2,245.94,4,New / Promising
15047.0,269,1,343.62,3,At Risk
14041.0,266,1,141.41,3,At Risk
15445.0,264,2,284.5,3,At Risk
14223.0,92,3,991.13,0,Lost / Hibernating
14632.0,262,1,114.56,3,At Risk
17733.0,38,2,692.19,4,New / Promising
13132.0,261,1,77.3,3,At Risk
12564.0,261,1,456.9000000000001,3,At Risk
14235.0,75,9,4717.99,2,Champions
16063.0,260,1,335.32000000000005,3,At Risk
15414.0,9,3,774.8999999999999,4,New / Promising
16172.0,95,8,1884.55,2,Champions
16097.0,240,1,185.05,3,At Risk
17704.0,168,2,885.1899999999998,0,Lost / Hibernating
17367.0,238,1,168.4,3,At Risk
15436.0,12,3,1122.5299999999995,4,New / Promising
17630.0,169,2,503.59999999999985,0,Lost / Hibernating
16965.0,226,1,192.06999999999996,3,At Risk
13229.0,225,1,160.95,3,At Risk
16370.0,82,4,1320.5599999999995,0,Lost / Hibernating
12593.0,108,3,418.1,0,Lost / Hibernating
13055.0,78,4,2321.1099999999997,0,Lost / Hibernating
16644.0,177,2,833.7799999999996,0,Lost / Hibernating
14342.0,21,6,918.44,4,New / Promising
16877.0,12,6,853.72,4,New / Promising
13529.0,78,2,307.76,4,New / Promising
18150.0,32,3,566.5799999999999,4,New / Promising
12815.0,147,2,1063.46,0,Lost / Hibernating
15897.0,194,2,222.05,3,At Risk
12473.0,53,3,2884.23,2,Champions
16849.0,186,1,124.57,3,At Risk
17252.0,116,2,353.8599999999999,3,At Risk
14542.0,185,1,103.25,3,At Risk
14561.0,75,3,1080.7599999999998,0,Lost / Hibernating
16113.0,183,1,161.38000000000002,3,At Risk
17234.0,182,1,149.89,3,At Risk
12732.0,179,1,236.2600000000001,3,At Risk
13826.0,176,1,189.5,3,At Risk
14765.0,29,3,254.11,4,New / Promising
12930.0,78,2,415.8,4,New / Promising
15537.0,163,1,110.92000000000004,3,At Risk
17891.0,162,1,203.85999999999993,3,At Risk
13109.0,59,3,1134.0300000000002,4,New / Promising
13699.0,155,2,764.15,0,Lost / Hibernating
13224.0,60,2,2152.9500000000007,0,Lost / Hibernating
13940.0,17,4,839.14,4,New / Promising
13827.0,57,3,412.0499999999999,4,New / Promising
18180.0,4,6,1843.75,2,Champions
14517.0,33,2,330.45000000000005,4,New / Promising
17694.0,141,3,1695.97,0,Lost / Hibernating
13563.0,84,2,777.53,0,Lost / Hibernating
16305.0,138,1,361.2199999999999,3,At Risk
17724.0,71,3,1033.0,0,Lost / Hibernating
13296.0,137,6,792.51,0,Lost / Hibernating
15746.0,134,1,196.87999999999997,3,At Risk
14511.0,11,5,1314.81,4,New / Promising
17267.0,127,2,317.61999999999995,3,At Risk
13355.0,122,1,674.7,3,At Risk
16828.0,93,2,128.5,3,At Risk
17736.0,9,3,377.4399999999999,4,New / Promising
18147.0,45,2,179.33999999999995,4,New / Promising
12814.0,101,1,125.92,3,At Risk
15866.0,101,1,230.52999999999992,3,At Risk
13130.0,94,1,64.0,3,At Risk
18222.0,92,1,443.0,3,At Risk
14212.0,89,2,2190.14,0,Lost / Hibernating
16796.0,89,1,305.62,3,At Risk
13375.0,88,2,1792.2299999999996,0,Lost / Hibernating
16689.0,75,2,422.6,4,New / Promising
13774.0,81,1,344.99999999999994,3,At Risk
16215.0,80,1,242.35,3,At Risk
16379.0,4,4,2157.4,2,Champions
16236.0,78,1,432.19999999999993,4,New / Promising
15398.0,16,2,1345.53,4,New / Promising
16715.0,78,2,625.52,4,New / Promising
15714.0,11,5,784.81,4,New / Promising
12925.0,4,3,729.3299999999999,4,New / Promising
16468.0,74,3,787.52,0,Lost / Hibernating
13314.0,1,3,775.9400000000003,4,New / Promising
16404.0,70,1,443.0500000000001,4,New / Promising
17957.0,66,1,110.71999999999998,3,At Risk
13483.0,65,1,140.34000000000003,3,At Risk
15837.0,64,2,777.01,4,New / Promising
15300.0,64,1,496.4399999999999,4,New / Promising
12420.0,63,1,600.3900000000001,4,New / Promising
13689.0,63,2,1259.5,4,New / Promising
15473.0,14,8,2046.0,2,Champions
18126.0,60,1,204.49000000000007,3,At Risk
12824.0,59,1,397.11999999999995,4,New / Promising
14381.0,52,2,631.3400000000003,4,New / Promising
15000.0,47,1,490.52,4,New / Promising
14539.0,15,2,537.48,4,New / Promising
14598.0,44,2,384.0400000000001,4,New / Promising
12630.0,9,2,1270.88,4,New / Promising
14752.0,43,1,389.63999999999993,4,New / Promising
17668.0,1,2,347.74999999999994,4,New / Promising
16352.0,17,2,494.44000000000005,4,New / Promising
15153.0,31,1,329.25,4,New / Promising
16751.0,30,1,1764.7199999999998,4,New / Promising
15360.0,39,1,427.9299999999999,4,New / Promising
13066.0,24,2,470.80000000000007,4,New / Promising
17197.0,29,1,1013.01,4,New / Promising
15557.0,28,1,473.65,4,New / Promising
15168.0,25,1,106.56,4,New / Promising
16504.0,25,1,484.37999999999977,4,New / Promising
15720.0,24,2,741.9200000000002,4,New / Promising
17357.0,24,2,388.1399999999999,4,New / Promising
14385.0,9,3,202.11,4,New / Promising
15432.0,23,2,320.76,4,New / Promising
17985.0,22,1,634.9499999999999,4,New / Promising
14641.0,21,1,110.46,4,New / Promising
15621.0,4,4,1293.0300000000002,4,New / Promising
12658.0,18,1,686.0500000000001,4,New / Promising
14785.0,10,2,77.4,4,New / Promising
15721.0,11,1,507.0799999999998,4,New / Promising
14601.0,10,1,213.96000000000004,4,New / Promising
13521.0,1,3,1092.3900000000003,4,New / Promising
12558.0,7,1,269.96000000000004,4,New / Promising
17914.0,3,1,336.4299999999999,4,New / Promising
14025.0,464,8,4057.900000000001,0,Lost / Hibernating
13913.0,506,1,42.22,3,At Risk
14674.0,509,1,173.66000000000005,3,At Risk
13734.0,508,4,6701.6399999999985,0,Lost / Hibernating
15378.0,462,2,246.5,3,At Risk
17224.0,501,1,100.86,3,At Risk
15331.0,499,3,767.9099999999999,0,Lost / Hibernating
18264.0,498,1,603.25,3,At Risk
13766.0,495,1,190.34999999999997,3,At Risk
14144.0,486,1,30.6,3,At Risk
12959.0,484,1,150.95000000000002,3,At Risk
17366.0,432,2,1096.24,0,Lost / Hibernating
16799.0,432,2,495.97999999999973,3,At Risk
13129.0,452,2,233.25,3,At Risk
12768.0,450,1,168.69000000000003,3,At Risk
14169.0,430,2,616.0300000000002,0,Lost / Hibernating
14372.0,443,2,860.0799999999999,0,Lost / Hibernating
13205.0,443,1,2803.2,0,Lost / Hibernating
14568.0,435,1,919.7000000000004,3,At Risk
16864.0,434,2,409.25,3,At Risk
14392.0,432,1,266.4,3,At Risk
13423.0,428,1,217.02999999999997,3,At Risk
16111.0,428,1,562.4800000000001,3,At Risk
14263.0,423,1,322.93,3,At Risk
16238.0,422,1,63.66,3,At Risk
14168.0,420,2,370.45,3,At Risk
12943.0,558,2,496.4999999999999,3,At Risk
18091.0,593,1,360.85,3,At Risk
17199.0,582,1,145.12,3,At Risk
14010.0,565,2,445.1499999999999,3,At Risk
14993.0,563,1,36.129999999999995,3,At Risk
12499.0,560,1,393.72,3,At Risk
18206.0,553,1,314.65999999999997,3,At Risk
13438.0,547,1,46.5,3,At Risk
15102.0,530,2,554.67,3,At Risk
17401.0,541,1,114.84999999999998,3,At Risk
12746.0,540,1,254.55,3,At Risk
18128.0,537,1,420.0399999999999,3,At Risk
15991.0,534,1,150.55,3,At Risk
12529.0,528,1,316.47999999999996,3,At Risk
16649.0,520,1,306.5799999999999,3,At Risk
13078.0,3,57,29532.449999999997,1,Loyal Customers
17984.0,145,5,1187.7700000000002,0,Lost / Hibernating
14871.0,3,9,1258.9699999999998,2,Champions
13819.0,301,6,2642.3500000000004,0,Lost / Hibernating
14831.0,680,3,1676.5699999999997,0,Lost / Hibernating
17909.0,737,1,132.55,3,At Risk
17606.0,737,1,87.30000000000001,3,At Risk
17716.0,22,24,15956.97,1,Loyal Customers
15658.0,190,8,2423.4700000000003,0,Lost / Hibernating
15965.0,17,13,3013.0899999999997,2,Champions
16159.0,281,4,1232.79,0,Lost / Hibernating
12949.0,30,22,15526.699999999992,1,Loyal Customers
15403.0,491,2,170.88,3,At Risk
14211.0,53,18,4402.29,2,Champions
15911.0,623,8,1685.8900000000017,0,Lost / Hibernating
14107.0,51,11,4877.300000000001,2,Champions
15441.0,396,3,1254.21,0,Lost / Hibernating
15209.0,730,1,178.97999999999996,3,At Risk
18168.0,176,16,3770.269999999999,2,Champions
13679.0,493,3,281.26000000000005,3,At Risk
18225.0,3,26,13054.259999999998,1,Loyal Customers
14238.0,326,3,434.23,0,Lost / Hibernating
14239.0,43,21,4263.169999999999,2,Champions
15420.0,434,6,743.0,0,Lost / Hibernating
14709.0,15,25,8886.329999999998,1,Loyal Customers
13448.0,16,12,8881.16,2,Champions
17848.0,81,30,3619.75,2,Champions
13693.0,374,9,2011.82,0,Lost / Hibernating
14408.0,10,11,4109.77,2,Champions
17441.0,732,1,293.35,3,At Risk
17988.0,11,13,485.68999999999994,2,Champions
18145.0,12,11,5617.790000000001,2,Champions
15093.0,18,23,14326.109999999995,1,Loyal Customers
13091.0,28,2,1108.8,4,New / Promising
15912.0,178,9,1074.7,0,Lost / Hibernating
15623.0,141,8,2437.05,2,Champions
14626.0,23,11,5410.92,2,Champions
15916.0,16,13,3427.17,2,Champions
18172.0,14,52,17479.840000000004,1,Loyal Customers
17487.0,728,1,160.54999999999998,3,At Risk
16719.0,14,14,3968.3,2,Champions
14514.0,61,9,4598.98,2,Champions
15628.0,4,17,5652.260000000001,1,Loyal Customers
15329.0,39,11,2984.33,2,Champions
17572.0,71,10,723.0099999999999,2,Champions
17368.0,23,14,2826.1400000000003,2,Champions
12971.0,3,116,15972.790000000005,1,Loyal Customers
13769.0,2,20,5800.420000000002,1,Loyal Customers
12586.0,17,4,2062.67,2,Champions
16742.0,492,13,2387.71,0,Lost / Hibernating
18186.0,722,1,329.58,3,At Risk
13427.0,19,6,1006.53,2,Champions
12422.0,95,15,4173.35,2,Champions
13327.0,38,19,9797.87,1,Loyal Customers
13965.0,476,3,996.6100000000002,0,Lost / Hibernating
17753.0,464,4,390.55999999999995,0,Lost / Hibernating
13854.0,8,39,12253.96,1,Loyal Customers
14016.0,161,11,11403.410000000002,2,Champions
14573.0,179,13,2621.4200000000005,2,Champions
14849.0,21,43,15763.45,1,Loyal Customers
14160.0,610,7,8421.470000000001,0,Lost / Hibernating
18242.0,72,8,3605.21,2,Champions
14984.0,19,6,1271.41,2,Champions
13433.0,501,4,658.3199999999999,0,Lost / Hibernating
14826.0,581,2,385.2000000000001,3,At Risk
13562.0,81,8,4838.18,2,Champions
16510.0,372,6,2079.75,0,Lost / Hibernating
14892.0,690,1,202.35,3,At Risk
12877.0,3,20,2955.17,1,Loyal Customers
14754.0,44,6,1550.48,2,Champions
15795.0,149,8,1979.87,0,Lost / Hibernating
17706.0,4,31,20749.979999999992,1,Loyal Customers
17356.0,311,5,946.4699999999998,0,Lost / Hibernating
14649.0,4,9,3775.309999999999,2,Champions
13527.0,33,12,4683.74,2,Champions
14439.0,319,5,9443.04,0,Lost / Hibernating
13413.0,639,6,429.44000000000005,0,Lost / Hibernating
14640.0,24,10,3667.06,2,Champions
17419.0,11,18,6500.520000000001,1,Loyal Customers
17726.0,395,7,1092.0600000000002,0,Lost / Hibernating
13698.0,596,2,465.53,3,At Risk
15797.0,113,5,2806.08,0,Lost / Hibernating
15137.0,520,2,823.4,0,Lost / Hibernating
15487.0,679,1,231.32,3,At Risk
17176.0,201,3,902.32,0,Lost / Hibernating
14637.0,677,1,106.67999999999998,3,At Risk
16415.0,44,3,719.4399999999998,4,New / Promising
17350.0,8,7,1906.041,2,Champions
18175.0,675,1,176.09999999999997,3,At Risk
17311.0,78,6,3566.5599999999995,2,Champions
16081.0,56,8,4460.180000000001,2,Champions
12840.0,143,7,4041.969999999999,2,Champions
15732.0,212,10,1682.0700000000004,0,Lost / Hibernating
17328.0,673,1,104.7,3,At Risk
12853.0,134,11,3907.5,2,Champions
12402.0,323,6,1256.9,0,Lost / Hibernating
17294.0,669,2,467.7900000000001,3,At Risk
17577.0,645,2,348.74999999999994,3,At Risk
16344.0,158,4,842.42,0,Lost / Hibernating
13092.0,70,12,2140.2799999999997,2,Champions
15176.0,667,1,988.0400000000004,3,At Risk
17201.0,53,4,1231.5399999999995,4,New / Promising
15765.0,666,1,370.6299999999999,3,At Risk
14584.0,169,8,1747.9099999999994,0,Lost / Hibernating
16487.0,577,2,209.4,3,At Risk
13333.0,411,3,1015.74,0,Lost / Hibernating
15988.0,19,3,767.5899999999999,4,New / Promising
14602.0,656,1,205.36,3,At Risk
15290.0,4,26,10496.28,1,Loyal Customers
15659.0,43,3,532.49,4,New / Promising
14535.0,60,9,6019.390000000001,2,Champions
16118.0,652,1,4376.25,0,Lost / Hibernating
17200.0,387,4,356.71,0,Lost / Hibernating
13935.0,596,3,6116.919999999998,0,Lost / Hibernating
12598.0,9,11,4534.09,2,Champions
15219.0,176,2,685.45,0,Lost / Hibernating
13294.0,189,3,1689.5299999999995,0,Lost / Hibernating
18272.0,2,9,4385.9800000000005,2,Champions
17159.0,21,5,2099.59,2,Champions
12530.0,59,9,3759.26,2,Champions
17907.0,640,1,291.76,3,At Risk
15558.0,639,1,214.12999999999997,3,At Risk
15008.0,480,2,360.0,3,At Risk
14824.0,10,10,4022.9100000000017,2,Champions
16336.0,420,4,3517.6900000000005,0,Lost / Hibernating
17051.0,194,4,714.3899999999999,0,Lost / Hibernating
14817.0,200,7,3959.86,0,Lost / Hibernating
16578.0,626,1,156.6,3,At Risk
14344.0,127,20,3333.7000000000003,2,Champions
18189.0,77,3,1403.73,0,Lost / Hibernating
13252.0,394,2,399.3,3,At Risk
17301.0,21,2,330.43000000000006,4,New / Promising
14330.0,623,1,200.63,3,At Risk
18188.0,15,6,3280.59,2,Champions
16601.0,40,3,683.0799999999999,4,New / Promising
12643.0,128,12,8350.42,2,Champions
16590.0,400,2,605.9000000000001,0,Lost / Hibernating
12400.0,414,1,205.25,3,At Risk
13669.0,50,3,413.5499999999999,4,New / Promising
15906.0,19,10,2555.64,2,Champions
16650.0,71,7,1916.11,2,Champions
16045.0,119,8,3434.93,2,Champions
14700.0,32,5,3116.2599999999993,2,Champions
15501.0,404,2,402.49999999999983,3,At Risk
14449.0,18,8,2482.7999999999997,2,Champions
12899.0,413,1,366.4,3,At Risk
13263.0,1,38,8679.470000000012,1,Loyal Customers
17843.0,303,2,318.48,3,At Risk
14553.0,19,9,1841.54,2,Champions
13137.0,10,16,7712.700000000004,1,Loyal Customers
13574.0,411,1,421.2500000000001,3,At Risk
14243.0,8,17,7431.05,1,Loyal Customers
13898.0,325,2,686.4000000000001,0,Lost / Hibernating
14181.0,410,2,310.55000000000007,3,At Risk
17327.0,409,2,152.35,3,At Risk
16145.0,8,19,6805.4400000000005,1,Loyal Customers
17513.0,72,3,1158.8000000000002,0,Lost / Hibernating
14213.0,404,1,1192.2,0,Lost / Hibernating
16876.0,403,1,136.01000000000005,3,At Risk
15245.0,134,8,4610.84,2,Champions
15915.0,401,1,428.9999999999999,3,At Risk
17420.0,50,6,1084.4299999999998,2,Champions
16050.0,173,3,300.70000000000005,3,At Risk
12914.0,400,1,223.98,3,At Risk
12749.0,3,9,6897.36,1,Loyal Customers
13649.0,256,6,1678.8799999999997,0,Lost / Hibernating
18098.0,396,1,550.8399999999999,3,At Risk
15635.0,395,1,100.35,3,At Risk
12907.0,395,2,508.9099999999999,3,At Risk
17983.0,395,1,171.71,3,At Risk
12662.0,0,20,6988.019999999998,1,Loyal Customers
15368.0,21,2,722.74,4,New / Promising
12666.0,394,1,1248.42,0,Lost / Hibernating
18262.0,140,3,577.54,0,Lost / Hibernating
15842.0,393,2,548.8,3,At Risk
12637.0,67,12,8340.31,2,Champions
12803.0,393,1,1092.81,0,Lost / Hibernating
15468.0,51,3,1430.48,4,New / Promising
14104.0,154,5,768.5799999999997,0,Lost / Hibernating
14358.0,389,2,400.06,3,At Risk
14049.0,16,13,13239.03,1,Loyal Customers
17089.0,386,1,128.45,3,At Risk
18160.0,57,3,1003.88,4,New / Promising
17360.0,17,6,1231.38,2,Champions
13297.0,7,7,4368.619999999999,2,Champions
16367.0,37,3,1362.3999999999996,4,New / Promising
17275.0,383,1,114.52000000000002,3,At Risk
15579.0,68,5,1302.5000000000002,0,Lost / Hibernating
16972.0,382,2,786.2499999999998,0,Lost / Hibernating
16765.0,294,2,454.7499999999998,3,At Risk
17766.0,381,2,299.60999999999996,3,At Risk
16437.0,381,2,301.25,3,At Risk
12377.0,315,4,3426.3199999999997,0,Lost / Hibernating
14623.0,32,10,2054.9,2,Champions
15902.0,380,1,145.01000000000002,3,At Risk
14487.0,26,7,1453.61,2,Champions
15495.0,379,1,246.49999999999997,3,At Risk
13626.0,252,2,707.04,0,Lost / Hibernating
14627.0,379,1,462.75,3,At Risk
14264.0,154,6,1517.36,0,Lost / Hibernating
14508.0,22,5,874.9399999999998,4,New / Promising
13108.0,372,2,1098.52,0,Lost / Hibernating
16244.0,211,2,2579.3799999999987,0,Lost / Hibernating
15363.0,372,2,1004.11,0,Lost / Hibernating
13011.0,372,1,101.1,3,At Risk
14576.0,372,1,70.80000000000001,3,At Risk
13145.0,39,7,1423.52,2,Champions
18156.0,12,2,941.1699999999998,4,New / Promising
12942.0,131,3,942.6499999999996,0,Lost / Hibernating
14448.0,9,2,375.35,4,New / Promising
15454.0,362,2,305.59000000000003,3,At Risk
17551.0,359,1,306.84,3,At Risk
14373.0,358,1,76.55,3,At Risk
18176.0,358,1,476.35,3,At Risk
17392.0,306,3,620.56,0,Lost / Hibernating
12551.0,357,1,168.0,3,At Risk
13033.0,357,2,220.55,3,At Risk
13817.0,29,2,382.98,4,New / Promising
15213.0,318,2,328.34999999999997,3,At Risk
18233.0,325,1,440.0,3,At Risk
14090.0,324,1,76.32000000000001,3,At Risk
12625.0,211,4,5164.88,0,Lost / Hibernating
16882.0,66,3,705.1199999999999,4,New / Promising
12574.0,315,1,218.45,3,At Risk
17571.0,50,5,1702.5000000000002,2,Champions
13425.0,108,5,3403.63,2,Champions
16980.0,255,3,1473.3300000000004,0,Lost / Hibernating
12365.0,291,1,320.69,3,At Risk
18114.0,290,1,220.1,3,At Risk
16394.0,56,5,1555.34,2,Champions
13149.0,14,4,1676.06,4,New / Promising
12834.0,282,1,312.38,3,At Risk
17770.0,198,5,1143.2699999999998,0,Lost / Hibernating
14473.0,74,2,234.34000000000003,4,New / Promising
12541.0,29,3,981.1799999999998,4,New / Promising
15806.0,46,3,784.5799999999999,4,New / Promising
15206.0,10,4,420.2999999999999,4,New / Promising
12520.0,79,5,2634.2600000000007,2,Champions
17164.0,32,7,2467.3500000000004,2,Champions
15150.0,17,13,9001.080000000002,2,Champions
16152.0,268,1,1829.04,0,Lost / Hibernating
15019.0,266,1,265.9999999999999,3,At Risk
18270.0,38,3,444.5499999999999,4,New / Promising
15703.0,264,1,211.5,3,At Risk
14232.0,42,5,2048.0699999999997,2,Champions
12407.0,49,5,1708.12,2,Champions
12818.0,261,1,1542.08,0,Lost / Hibernating
12792.0,256,2,827.01,0,Lost / Hibernating
15083.0,256,1,88.19999999999999,3,At Risk
14128.0,60,3,924.21,4,New / Promising
12888.0,214,2,354.12,3,At Risk
16657.0,9,4,933.62,4,New / Promising
16162.0,252,1,37.4,3,At Risk
13525.0,14,2,628.78,4,New / Promising
15530.0,21,5,1813.72,2,Champions
15800.0,107,7,1242.58,0,Lost / Hibernating
14619.0,245,2,1291.2399999999998,0,Lost / Hibernating
12457.0,66,8,2995.9099999999994,2,Champions
15135.0,239,2,305.67999999999995,3,At Risk
16146.0,157,4,946.38,0,Lost / Hibernating
15143.0,225,2,563.6299999999999,0,Lost / Hibernating
17893.0,225,1,112.25000000000004,3,At Risk
14393.0,218,1,67.94999999999999,3,At Risk
14145.0,46,7,7600.049999999999,2,Champions
17489.0,58,2,376.64,4,New / Promising
13235.0,212,1,1031.0699999999997,0,Lost / Hibernating
16116.0,211,1,612.7800000000001,3,At Risk
16184.0,64,6,1158.79,2,Champions
15907.0,3,3,966.5999999999996,4,New / Promising
14689.0,208,1,112.8,3,At Risk
14009.0,198,3,1099.91,0,Lost / Hibernating
13856.0,168,11,1142.03,0,Lost / Hibernating
14921.0,30,2,1316.0700000000002,4,New / Promising
14647.0,201,2,519.9699999999999,0,Lost / Hibernating
15804.0,0,13,4206.39,1,Loyal Customers
14816.0,197,1,271.85,3,At Risk
14389.0,65,5,1898.01,2,Champions
18248.0,122,2,804.02,0,Lost / Hibernating
14375.0,185,3,1132.9899999999998,0,Lost / Hibernating
14808.0,39,8,2741.1699999999987,2,Champions
17997.0,74,8,1970.670000000001,2,Champions
16498.0,161,2,100.97,3,At Risk
17464.0,158,3,1000.94,0,Lost / Hibernating
13681.0,17,4,827.83,4,New / Promising
13486.0,78,3,1122.41,0,Lost / Hibernating
12461.0,94,2,826.8800000000001,0,Lost / Hibernating
15467.0,9,3,524.88,4,New / Promising
13311.0,4,2,598.57,4,New / Promising
17554.0,1,5,1952.45,2,Champions
14722.0,147,3,513.3700000000001,0,Lost / Hibernating
17040.0,137,2,463.2499999999999,0,Lost / Hibernating
14100.0,137,1,194.9,3,At Risk
16364.0,11,2,707.04,4,New / Promising
14076.0,129,1,122.46999999999996,3,At Risk
16102.0,42,3,1842.14,4,New / Promising
13016.0,73,3,789.8899999999999,0,Lost / Hibernating
12384.0,28,2,585.27,4,New / Promising
14196.0,106,1,335.52,3,At Risk
13808.0,5,5,1747.66,2,Champions
12526.0,0,3,1316.6600000000003,4,New / Promising
13441.0,91,2,720.8999999999999,0,Lost / Hibernating
16910.0,4,8,1510.0600000000018,2,Champions
12883.0,24,4,703.47,4,New / Promising
18158.0,9,2,453.4000000000001,4,New / Promising
13321.0,72,2,567.36,4,New / Promising
15322.0,85,2,1390.8599999999997,0,Lost / Hibernating
16189.0,15,2,215.48,4,New / Promising
15417.0,85,1,508.8000000000001,4,New / Promising
14164.0,70,2,1631.7700000000002,0,Lost / Hibernating
16669.0,23,2,1370.4699999999996,4,New / Promising
14125.0,10,3,2740.4300000000003,4,New / Promising
15075.0,77,1,773.0300000000002,4,New / Promising
14652.0,77,1,114.18000000000002,3,At Risk
12488.0,9,3,1298.66,4,New / Promising
13886.0,71,1,243.56000000000003,3,At Risk
15565.0,50,2,173.15999999999997,4,New / Promising
12628.0,4,3,786.46,4,New / Promising
18096.0,11,6,1785.5699999999997,2,Champions
12856.0,7,6,2179.93,2,Champions
17206.0,53,1,204.24,4,New / Promising
15592.0,46,1,388.58,4,New / Promising
18240.0,46,1,422.58,4,New / Promising
13182.0,45,1,121.18,3,At Risk
16855.0,23,2,328.4,4,New / Promising
12912.0,2,5,1662.3,4,New / Promising
14345.0,38,1,108.98,4,New / Promising
15275.0,37,1,615.1399999999999,4,New / Promising
18105.0,37,1,113.48000000000002,4,New / Promising
17595.0,12,2,388.7900000000001,4,New / Promising
12893.0,30,1,188.14,4,New / Promising
18067.0,40,1,396.3300000000001,4,New / Promising
13914.0,11,2,626.4499999999999,4,New / Promising
15017.0,33,1,125.58000000000004,4,New / Promising
16368.0,2,3,640.2099999999998,4,New / Promising
18014.0,28,1,158.47000000000003,4,New / Promising
13603.0,26,1,164.34,4,New / Promising
15758.0,24,1,205.25,4,New / Promising
17835.0,2,3,350.63999999999993,4,New / Promising
13160.0,22,1,91.8,4,New / Promising
12603.0,21,1,739.1999999999999,4,New / Promising
17636.0,19,1,285.56,4,New / Promising
17010.0,18,1,195.36,4,New / Promising
14424.0,17,1,322.08,4,New / Promising
12479.0,11,1,527.2,4,New / Promising
12442.0,3,1,172.06,4,New / Promising
16435.0,512,3,1011.5700000000004,0,Lost / Hibernating
14430.0,511,3,1220.9,0,Lost / Hibernating
16975.0,423,3,926.1200000000002,0,Lost / Hibernating
12801.0,500,1,1071.82,0,Lost / Hibernating
12737.0,498,1,100.0,3,At Risk
13653.0,487,1,152.2,3,At Risk
14749.0,479,1,310.15,3,At Risk
17699.0,476,2,442.0,3,At Risk
13123.0,472,2,506.74999999999994,3,At Risk
15166.0,467,1,167.15999999999997,3,At Risk
13472.0,463,2,592.24,0,Lost / Hibernating
14058.0,462,2,469.18999999999994,3,At Risk
12819.0,458,1,540.5200000000001,3,At Risk
15741.0,458,2,208.62000000000003,3,At Risk
13424.0,449,1,572.7699999999999,3,At Risk
14094.0,439,1,335.21999999999997,3,At Risk
15736.0,435,2,1815.7200000000005,0,Lost / Hibernating
15190.0,434,1,834.4399999999999,3,At Risk
13861.0,429,2,273.26,3,At Risk
16307.0,429,3,1194.92,0,Lost / Hibernating
17518.0,425,2,329.41999999999996,3,At Risk
17264.0,424,1,279.5899999999999,3,At Risk
17944.0,423,1,75.41000000000001,3,At Risk
14706.0,618,1,390.68999999999994,3,At Risk
14809.0,621,2,686.7600000000001,0,Lost / Hibernating
16944.0,609,1,101.36,3,At Risk
15273.0,599,1,228.96,3,At Risk
14917.0,596,2,1123.75,0,Lost / Hibernating
16068.0,593,1,122.93000000000004,3,At Risk
13609.0,593,1,167.35000000000002,3,At Risk
17093.0,592,1,235.88,3,At Risk
12698.0,590,1,339.75000000000006,3,At Risk
16844.0,562,2,614.34,0,Lost / Hibernating
13222.0,577,1,88.5,3,At Risk
17016.0,576,1,552.4,3,At Risk
18157.0,571,1,215.35,3,At Risk
15340.0,561,1,105.5,3,At Risk
12634.0,535,2,490.0,3,At Risk
17922.0,543,1,170.4,3,At Risk
15926.0,542,1,134.44,3,At Risk
13608.0,540,1,236.20000000000007,3,At Risk
15718.0,540,1,293.78999999999996,3,At Risk
14509.0,534,1,110.94999999999996,3,At Risk
13125.0,523,1,158.57,3,At Risk
14900.0,522,1,13.919999999999998,3,At Risk
16443.0,520,1,162.24,3,At Risk
17592.0,738,1,148.3,3,At Risk
14302.0,430,3,742.9000000000001,0,Lost / Hibernating
17193.0,35,9,2310.04,2,Champions
17189.0,106,5,957.6300000000002,0,Lost / Hibernating
15581.0,156,34,4819.35,2,Champions
17867.0,30,14,1599.9499999999998,2,Champions
17809.0,16,20,11337.39,1,Loyal Customers
13313.0,22,12,3445.32,2,Champions
14646.0,1,152,528602.5199999996,1,Loyal Customers
12779.0,37,14,6722.27,2,Champions
15768.0,115,34,15601.089999999976,1,Loyal Customers
13468.0,1,72,13390.510000000004,1,Loyal Customers
14905.0,157,8,1971.39,0,Lost / Hibernating
14679.0,381,3,1289.44,0,Lost / Hibernating
13455.0,24,6,2905.93,2,Champions
16771.0,33,10,3939.100000000002,2,Champions
16802.0,679,2,582.6099999999999,3,At Risk
16186.0,22,26,9026.11,1,Loyal Customers
17603.0,78,4,1793.4800000000005,0,Lost / Hibernating
17861.0,3,18,5127.69,1,Loyal Customers
14750.0,736,1,112.03000000000002,3,At Risk
17372.0,40,27,4346.709999999999,1,Loyal Customers
12872.0,326,12,3685.489999999999,2,Champions
14286.0,23,7,8479.76,2,Champions
14564.0,434,2,2605.62,0,Lost / Hibernating
13093.0,275,55,54943.65000000004,1,Loyal Customers
18092.0,2,18,16179.440000000002,1,Loyal Customers
15309.0,610,4,797.96,0,Lost / Hibernating
13999.0,10,29,9502.26,1,Loyal Customers
16410.0,734,1,130.32,3,At Risk
15484.0,1,6,4656.0,2,Champions
14468.0,733,1,204.24000000000004,3,At Risk
17969.0,166,20,2369.9400000000005,2,Champions
14695.0,519,3,1620.0700000000002,0,Lost / Hibernating
14574.0,732,1,143.7,3,At Risk
14512.0,187,7,1223.47,0,Lost / Hibernating
13148.0,29,26,8612.310000000001,1,Loyal Customers
14113.0,3,16,7092.61,1,Loyal Customers
16029.0,38,107,122209.13999999998,1,Loyal Customers
16560.0,26,8,3048.380000000001,2,Champions
15162.0,731,1,312.9,3,At Risk
14085.0,2,32,10089.97,1,Loyal Customers
17230.0,264,18,9924.95,2,Champions
16459.0,729,1,71.78999999999999,3,At Risk
14895.0,7,38,25119.540000000005,1,Loyal Customers
14577.0,12,7,1374.25,2,Champions
17409.0,184,10,7793.510000000001,2,Champions
14790.0,16,10,2526.62,2,Champions
14161.0,215,7,3318.879999999999,0,Lost / Hibernating
14277.0,15,8,16871.359999999997,2,Champions
17908.0,373,5,1411.5399999999995,0,Lost / Hibernating
16019.0,46,27,17465.850000000002,1,Loyal Customers
15015.0,501,13,2354.52,0,Lost / Hibernating
14796.0,1,27,10888.080000000004,1,Loyal Customers
17012.0,725,1,384.16,3,At Risk
16605.0,724,1,60.48,3,At Risk
13941.0,21,15,11122.3,1,Loyal Customers
12557.0,16,8,18716.140000000003,2,Champions
13266.0,11,19,6135.040000000001,1,Loyal Customers
18036.0,32,11,1563.64,2,Champions
16592.0,4,28,7807.91,1,Loyal Customers
14105.0,239,5,5988.83,0,Lost / Hibernating
16282.0,339,3,1307.5800000000002,0,Lost / Hibernating
14119.0,375,2,183.37,3,At Risk
13821.0,144,6,1410.73,0,Lost / Hibernating
14477.0,19,7,1969.6,2,Champions
13253.0,156,4,2951.11,0,Lost / Hibernating
14194.0,4,36,18670.59000000001,1,Loyal Customers
18008.0,70,23,19787.13,1,Loyal Customers
15874.0,63,21,11284.76,1,Loyal Customers
15324.0,701,1,140.22000000000003,3,At Risk
14465.0,246,11,3946.0300000000007,2,Champions
17966.0,37,10,1974.42,2,Champions
13877.0,86,3,449.68000000000006,4,New / Promising
14388.0,10,16,6701.000000000001,1,Loyal Customers
15296.0,50,12,10342.83,2,Champions
13249.0,92,9,1608.93,2,Champions
14167.0,39,8,1296.49,2,Champions
12484.0,32,12,6370.150000000001,2,Champions
16326.0,5,24,4731.99,1,Loyal Customers
12823.0,74,18,6501.5,2,Champions
15385.0,40,3,942.08,4,New / Promising
18212.0,326,2,546.7199999999999,0,Lost / Hibernating
13916.0,463,4,1275.81,0,Lost / Hibernating
12848.0,675,1,208.00000000000003,3,At Risk
13538.0,43,12,3112.7300000000005,2,Champions
14038.0,78,5,3069.88,2,Champions
17281.0,374,6,797.8499999999999,0,Lost / Hibernating
16383.0,74,7,2966.1400000000003,2,Champions
15810.0,78,8,2999.04,2,Champions
16161.0,1,43,12831.800000000005,1,Loyal Customers
16781.0,372,2,934.2499999999998,0,Lost / Hibernating
17514.0,128,2,542.83,0,Lost / Hibernating
16419.0,112,8,1487.4199999999998,2,Champions
13629.0,23,19,13370.86,1,Loyal Customers
15293.0,665,1,247.50000000000003,3,At Risk
17955.0,198,6,949.9,0,Lost / Hibernating
12391.0,21,6,2773.42,2,Champions
14282.0,3,25,7849.659999999999,1,Loyal Customers
12972.0,413,4,1161.2000000000005,0,Lost / Hibernating
18285.0,660,1,427.0,3,At Risk
16938.0,8,9,7043.180000000002,2,Champions
14890.0,253,3,817.2500000000001,0,Lost / Hibernating
16574.0,71,3,1301.7799999999995,0,Lost / Hibernating
13191.0,658,1,159.21000000000004,3,At Risk
18283.0,3,22,2730.7,1,Loyal Customers
15182.0,154,11,2998.952,2,Champions
14112.0,22,13,5834.59,2,Champions
12482.0,576,27,21941.72,2,Champions
12998.0,492,3,920.08,0,Lost / Hibernating
15439.0,404,4,1269.0500000000002,0,Lost / Hibernating
16677.0,411,2,880.6200000000001,0,Lost / Hibernating
13652.0,45,5,2570.8499999999995,2,Champions
18069.0,26,11,4524.66,2,Champions
14257.0,64,9,5954.450000000001,2,Champions
16636.0,438,4,3802.039999999999,0,Lost / Hibernating
13722.0,131,10,5635.41,2,Champions
18152.0,646,1,426.69,3,At Risk
14748.0,29,10,3152.32,2,Champions
17448.0,529,41,14481.97,1,Loyal Customers
14877.0,418,2,437.0,3,At Risk
13764.0,70,6,2942.3100000000004,2,Champions
15250.0,640,1,60.0,3,At Risk
12954.0,638,1,162.45,3,At Risk
14534.0,2,26,6266.510000000002,1,Loyal Customers
13612.0,632,1,818.29,3,At Risk
13451.0,26,11,7189.78,2,Champions
16132.0,544,2,664.2,0,Lost / Hibernating
17640.0,86,6,3168.94,2,Champions
14947.0,72,6,1049.79,0,Lost / Hibernating
12870.0,375,3,1676.9500000000005,0,Lost / Hibernating
14537.0,57,2,641.4000000000001,4,New / Promising
13723.0,217,6,1209.2,0,Lost / Hibernating
17096.0,15,11,3759.18,2,Champions
15257.0,283,2,685.9,0,Lost / Hibernating
16907.0,29,9,1707.9,2,Champions
15887.0,406,3,1027.15,0,Lost / Hibernating
12651.0,334,4,377.75,0,Lost / Hibernating
16836.0,39,4,782.37,4,New / Promising
15551.0,36,7,1710.08,2,Champions
15786.0,46,5,8514.820000000003,2,Champions
15173.0,380,7,1494.6,0,Lost / Hibernating
12982.0,242,8,2744.8099999999995,0,Lost / Hibernating
16515.0,52,10,3216.3,2,Champions
14524.0,31,13,2933.710000000001,2,Champions
14309.0,8,11,3780.809999999999,2,Champions
16979.0,3,9,2859.74,2,Champions
15723.0,364,4,947.65,0,Lost / Hibernating
17393.0,410,2,381.15,3,At Risk
13102.0,1,37,11696.920000000002,1,Loyal Customers
15620.0,56,4,1942.3599999999997,2,Champions
15587.0,50,7,1522.0800000000002,2,Champions
14281.0,408,1,245.15,3,At Risk
15301.0,50,17,7603.440000000001,2,Champions
12766.0,3,9,10068.280000000002,1,Loyal Customers
15110.0,23,6,1505.85,2,Champions
14206.0,239,3,1185.01,0,Lost / Hibernating
16542.0,53,2,257.32,4,New / Promising
13303.0,400,1,61.72,3,At Risk
16115.0,9,12,2575.14,2,Champions
16298.0,22,7,1085.7,2,Champions
14758.0,144,7,2864.9700000000003,2,Champions
17811.0,4,47,9603.100000000002,1,Loyal Customers
14170.0,375,3,597.3299999999999,0,Lost / Hibernating
13721.0,36,2,741.54,4,New / Promising
17521.0,29,5,1278.0600000000002,2,Champions
14922.0,393,2,843.74,0,Lost / Hibernating
16203.0,58,6,1114.54,2,Champions
12356.0,22,6,6373.679999999999,2,Champions
15016.0,172,5,630.3000000000001,0,Lost / Hibernating
13309.0,7,6,1706.3700000000003,2,Champions
17495.0,7,3,806.72,4,New / Promising
16407.0,12,14,2821.65,2,Champions
13439.0,255,3,986.61,0,Lost / Hibernating
16224.0,57,5,1616.54,2,Champions
17310.0,387,2,1025.1,0,Lost / Hibernating
17430.0,32,4,735.1700000000001,4,New / Promising
15071.0,93,4,1455.5599999999995,0,Lost / Hibernating
12605.0,376,4,1232.9499999999998,0,Lost / Hibernating
15129.0,50,23,6860.180000000002,1,Loyal Customers
16535.0,5,2,981.59,4,New / Promising
12874.0,385,2,948.42,0,Lost / Hibernating
17493.0,385,1,100.91,3,At Risk
16934.0,54,6,2110.99,2,Champions
14756.0,15,3,2653.7599999999993,4,New / Promising
18287.0,42,7,4182.99,2,Champions
15525.0,2,4,1293.1999999999998,4,New / Promising
12880.0,381,2,640.13,0,Lost / Hibernating
12889.0,381,4,385.4600000000001,0,Lost / Hibernating
13992.0,30,3,219.5,4,New / Promising
15961.0,379,1,451.29,3,At Risk
18230.0,9,9,4291.060000000001,2,Champions
17045.0,113,5,827.68,0,Lost / Hibernating
17671.0,15,5,2403.3399999999997,2,Champions
14414.0,91,8,2399.33,2,Champions
13255.0,9,3,904.46,4,New / Promising
15426.0,19,9,2615.3899999999994,2,Champions
17917.0,45,3,341.28,4,New / Promising
15361.0,361,4,689.0700000000002,0,Lost / Hibernating
13238.0,17,6,1006.63,2,Champions
12691.0,28,7,1170.4,2,Champions
14221.0,42,17,6517.490000000001,2,Champions
13656.0,164,4,1078.85,0,Lost / Hibernating
12501.0,336,1,2169.3899999999994,0,Lost / Hibernating
12672.0,329,2,437.05000000000007,3,At Risk
14242.0,234,2,280.54999999999995,3,At Risk
17602.0,2,14,7451.129999999997,1,Loyal Customers
16110.0,45,4,1819.270000000001,2,Champions
17446.0,176,2,120.9,3,At Risk
17613.0,22,14,4559.15,2,Champions
15753.0,304,1,79.2,3,At Risk
16998.0,149,5,402.0,0,Lost / Hibernating
13133.0,273,3,200.45,3,At Risk
12401.0,303,1,84.3,3,At Risk
17686.0,7,9,8296.81,2,Champions
12507.0,134,4,1844.06,0,Lost / Hibernating
12845.0,267,4,354.09000000000003,0,Lost / Hibernating
14513.0,100,6,788.0100000000001,0,Lost / Hibernating
16389.0,53,4,1382.0700000000002,0,Lost / Hibernating
12547.0,197,3,383.58,0,Lost / Hibernating
16517.0,277,1,162.70000000000005,3,At Risk
14407.0,107,6,2157.7299999999996,0,Lost / Hibernating
13265.0,53,5,2107.6600000000003,2,Champions
13043.0,273,1,516.4200000000001,3,At Risk
15388.0,270,1,140.54,3,At Risk
13499.0,17,5,1159.11,4,New / Promising
15106.0,17,5,1422.5200000000002,2,Champions
13592.0,35,4,247.96000000000004,4,New / Promising
15132.0,18,5,977.93,4,New / Promising
16721.0,262,1,292.46999999999997,3,At Risk
13239.0,261,5,1594.6900000000005,0,Lost / Hibernating
15449.0,26,3,974.5199999999998,4,New / Promising
13139.0,16,8,8202.98,2,Champions
13918.0,49,2,1212.84,4,New / Promising
16180.0,100,13,16249.869999999995,2,Champions
13841.0,252,1,85.0,3,At Risk
16142.0,249,1,535.3400000000001,3,At Risk
17956.0,249,1,12.75,3,At Risk
15145.0,4,4,1194.7299999999998,4,New / Promising
17783.0,72,3,379.9100000000001,4,New / Promising
15119.0,245,1,266.4,3,At Risk
12999.0,196,3,455.87999999999994,0,Lost / Hibernating
18080.0,18,2,1231.5,4,New / Promising
14339.0,242,2,620.27,0,Lost / Hibernating
16249.0,52,5,1800.0700000000004,2,Champions
15745.0,19,4,1094.59,4,New / Promising
15225.0,234,1,409.4000000000001,3,At Risk
12656.0,17,8,6407.83,2,Champions
15108.0,141,4,1300.2500000000002,0,Lost / Hibernating
13647.0,9,8,3071.6799999999994,2,Champions
14022.0,225,2,792.1500000000001,0,Lost / Hibernating
13524.0,40,5,680.1800000000001,4,New / Promising
16610.0,219,1,75.66,3,At Risk
17384.0,19,3,507.5499999999999,4,New / Promising
12700.0,7,4,4939.99,2,Champions
14699.0,214,4,702.5999999999999,0,Lost / Hibernating
14853.0,24,5,1376.87,2,Champions
15333.0,208,1,1028.56,0,Lost / Hibernating
16813.0,8,10,1692.9799999999996,2,Champions
17715.0,200,2,489.6,3,At Risk
14705.0,198,1,179.0,3,At Risk
14823.0,180,3,321.4299999999999,3,At Risk
15925.0,194,1,207.15,3,At Risk
16484.0,173,2,404.30000000000007,3,At Risk
16659.0,189,1,39.12,3,At Risk
13682.0,187,1,59.5,3,At Risk
12802.0,186,5,2396.4200000000005,0,Lost / Hibernating
15386.0,186,1,394.14,3,At Risk
18072.0,185,1,247.44,3,At Risk
16107.0,17,7,3204.1600000000003,2,Champions
15014.0,43,2,260.16999999999996,4,New / Promising
16869.0,22,4,825.4199999999998,4,New / Promising
17299.0,11,6,1016.08,4,New / Promising
15076.0,172,3,1447.7400000000002,0,Lost / Hibernating
15840.0,58,2,355.56,4,New / Promising
12904.0,18,2,509.5799999999999,4,New / Promising
14383.0,38,3,1247.69,4,New / Promising
17939.0,159,1,99.14000000000004,3,At Risk
17892.0,56,3,244.1,4,New / Promising
18121.0,149,2,673.1000000000001,0,Lost / Hibernating
13678.0,151,1,232.60000000000005,3,At Risk
12405.0,148,1,1710.3900000000006,0,Lost / Hibernating
13933.0,109,2,608.79,0,Lost / Hibernating
13507.0,3,4,2479.16,2,Champions
14019.0,46,3,1421.61,4,New / Promising
13814.0,92,3,2257.3199999999997,0,Lost / Hibernating
15776.0,133,1,241.62000000000003,3,At Risk
15438.0,131,1,156.57999999999998,3,At Risk
17788.0,73,2,1117.9,0,Lost / Hibernating
15089.0,10,6,2420.84,2,Champions
13200.0,19,4,870.0900000000001,4,New / Promising
16272.0,116,1,411.7000000000001,3,At Risk
12680.0,0,4,880.8099999999998,4,New / Promising
15396.0,112,2,796.38,0,Lost / Hibernating
14523.0,108,1,241.09000000000003,3,At Risk
13411.0,107,1,213.55000000000004,3,At Risk
13644.0,16,4,2624.260000000001,2,Champions
14436.0,98,2,271.70000000000005,3,At Risk
12375.0,10,2,457.50000000000006,4,New / Promising
12965.0,89,1,771.9099999999996,4,New / Promising
13704.0,5,9,2308.0599999999995,2,Champions
17333.0,85,1,494.24999999999994,4,New / Promising
16460.0,28,3,814.7199999999995,4,New / Promising
15341.0,80,2,2402.72,0,Lost / Hibernating
17475.0,79,1,194.36999999999995,3,At Risk
14951.0,79,1,311.69000000000005,3,At Risk
16480.0,75,1,769.2899999999995,4,New / Promising
16361.0,9,4,896.6599999999999,4,New / Promising
18053.0,70,3,571.07,4,New / Promising
17014.0,8,3,586.3300000000002,4,New / Promising
13947.0,65,1,90.6,3,At Risk
15937.0,64,1,145.35,3,At Risk
16248.0,61,1,152.94,3,At Risk
16688.0,1,4,1260.8600000000004,4,New / Promising
12536.0,59,1,4279.710000000004,0,Lost / Hibernating
12667.0,58,1,620.13,4,New / Promising
12498.0,21,3,403.7,4,New / Promising
13853.0,57,1,1090.14,4,New / Promising
18130.0,15,3,1059.39,4,New / Promising
13810.0,28,2,899.51,4,New / Promising
16052.0,54,1,362.06000000000006,4,New / Promising
14179.0,40,2,719.7799999999997,4,New / Promising
15604.0,52,1,216.39,4,New / Promising
17148.0,51,1,124.88,3,At Risk
17832.0,49,1,155.3700000000001,4,New / Promising
13974.0,49,2,677.72,4,New / Promising
18005.0,3,2,249.72,4,New / Promising
18045.0,45,1,189.39999999999995,4,New / Promising
16648.0,42,3,672.8,4,New / Promising
16164.0,17,3,822.4800000000001,4,New / Promising
17839.0,42,1,338.80000000000007,4,New / Promising
15423.0,38,3,266.89,4,New / Promising
16971.0,38,1,357.20999999999987,4,New / Promising
15830.0,37,1,576.0,4,New / Promising
14528.0,37,1,364.22,4,New / Promising
16914.0,36,1,208.45999999999995,4,New / Promising
15597.0,35,2,563.37,4,New / Promising
17523.0,11,4,652.7400000000001,4,New / Promising
17247.0,15,1,282.18999999999994,4,New / Promising
17727.0,15,1,1060.25,4,New / Promising
14703.0,14,1,318.1699999999999,4,New / Promising
13153.0,5,1,486.22,4,New / Promising
15097.0,4,3,908.35,4,New / Promising
15520.0,1,1,343.49999999999994,4,New / Promising
17261.0,509,1,230.4399999999999,3,At Risk
17380.0,434,3,645.0,0,Lost / Hibernating
12804.0,465,2,327.02,3,At Risk
16937.0,499,1,202.1,3,At Risk
17292.0,472,2,271.75,3,At Risk
14268.0,470,1,354.84999999999997,3,At Risk
16288.0,470,1,129.85000000000002,3,At Risk
17215.0,464,1,186.15,3,At Risk
14086.0,462,1,39.95,3,At Risk
16886.0,456,1,134.0,3,At Risk
13537.0,425,2,717.85,0,Lost / Hibernating
15962.0,449,1,295.83,3,At Risk
13264.0,442,1,722.56,3,At Risk
14269.0,439,1,295.73,3,At Risk
14310.0,432,1,492.1,3,At Risk
18284.0,431,1,461.68000000000006,3,At Risk
14571.0,425,1,161.65000000000003,3,At Risk
17710.0,423,1,293.49999999999994,3,At Risk
12900.0,422,1,340.33000000000004,3,At Risk
15686.0,420,1,90.0,3,At Risk
15546.0,606,2,1079.1,0,Lost / Hibernating
16028.0,595,1,82.2,3,At Risk
16267.0,591,1,186.65999999999997,3,At Risk
16507.0,572,1,152.76,3,At Risk
15282.0,570,1,348.59000000000003,3,At Risk
14671.0,549,2,1127.45,0,Lost / Hibernating
14786.0,550,1,90.96,3,At Risk
17902.0,546,1,216.4,3,At Risk
13383.0,543,1,305.28000000000003,3,At Risk
14374.0,541,1,108.0,3,At Risk
13942.0,534,1,320.0,3,At Risk
15913.0,534,1,6.300000000000001,3,At Risk
17099.0,533,1,582.1700000000001,3,At Risk
14580.0,518,1,14.85,3,At Risk
15998.0,36,16,8308.34,2,Champions
13526.0,738,2,1182.0000000000005,0,Lost / Hibernating
15485.0,30,7,5771.51,2,Champions
14560.0,7,44,6114.030000000001,1,Loyal Customers
14425.0,434,3,661.3900000000001,0,Lost / Hibernating
15353.0,254,7,3175.95,0,Lost / Hibernating
15542.0,512,3,918.45,0,Lost / Hibernating
17377.0,23,78,18314.369999999988,1,Loyal Customers
13931.0,95,11,5257.380000000002,2,Champions
14159.0,19,20,7926.790000000001,1,Loyal Customers
17940.0,49,14,28475.980000000003,1,Loyal Customers
17764.0,50,5,1623.64,2,Champions
15203.0,25,15,4400.179999999999,2,Champions
16782.0,10,38,10438.410000000003,1,Loyal Customers
15302.0,730,1,307.99999999999994,3,At Risk
17184.0,569,2,198.41000000000005,3,At Risk
15858.0,15,13,3960.3700000000017,2,Champions
15085.0,729,1,347.53999999999996,3,At Risk
17576.0,8,41,9050.460000000005,1,Loyal Customers
16558.0,0,38,13873.509999999998,1,Loyal Customers
16722.0,17,22,8989.080000000002,1,Loyal Customers
14723.0,10,11,2089.6599999999994,2,Champions
15999.0,735,1,20.4,3,At Risk
13807.0,367,3,534.8,0,Lost / Hibernating
16710.0,19,22,6349.089999999999,1,Loyal Customers
14087.0,2,3,846.2199999999998,4,New / Promising
13733.0,410,2,487.03,3,At Risk
12820.0,3,11,2689.5199999999995,2,Champions
14867.0,185,16,2952.06,2,Champions
17150.0,376,6,1375.65,0,Lost / Hibernating
15571.0,11,14,4051.6299999999974,2,Champions
17085.0,123,28,7883.010000000003,2,Champions
13373.0,60,6,7587.19,2,Champions
15547.0,7,26,10099.990000000003,1,Loyal Customers
14003.0,732,1,209.41,3,At Risk
17044.0,25,12,11962.3,2,Champions
18002.0,375,4,243.17,3,At Risk
15079.0,212,11,3767.3500000000017,2,Champions
14290.0,11,8,4516.56,2,Champions
13204.0,731,1,966.66,3,At Risk
13576.0,10,28,11551.739999999998,1,Loyal Customers
15674.0,73,12,6613.52,2,Champions
16901.0,729,1,204.26,3,At Risk
13542.0,376,17,4006.170000000002,2,Champions
14519.0,683,2,206.09,3,At Risk
16442.0,1,5,899.4699999999999,4,New / Promising
16830.0,38,4,1207.5,4,New / Promising
16125.0,367,14,4587.65,2,Champions
12992.0,725,1,93.35,3,At Risk
13000.0,106,4,1032.5000000000002,0,Lost / Hibernating
15838.0,11,34,74163.0,1,Loyal Customers
17082.0,33,6,4732.030000000001,2,Champions
17596.0,23,13,4920.67,2,Champions
14966.0,14,6,1115.84,2,Champions
14897.0,7,8,3140.54,2,Champions
14869.0,8,6,2804.24,2,Champions
17927.0,721,1,294.0,3,At Risk
14083.0,4,11,1407.2599999999998,2,Champions
12455.0,73,10,5879.950000000001,2,Champions
13781.0,250,3,778.8299999999999,0,Lost / Hibernating
16017.0,47,5,1553.83,2,Champions
18094.0,81,13,6391.5199999999995,2,Champions
14327.0,163,6,1894.9300000000003,0,Lost / Hibernating
13044.0,291,11,4853.9000000000015,2,Champions
12875.0,143,5,1356.99,0,Lost / Hibernating
12406.0,22,5,6390.360000000001,2,Champions
17962.0,142,4,686.3699999999999,0,Lost / Hibernating
12755.0,280,11,9030.659999999998,2,Champions
17227.0,18,12,2022.03,2,Champions
17454.0,192,10,1547.94,0,Lost / Hibernating
16595.0,61,5,1810.1800000000007,2,Champions
13907.0,691,1,136.8,3,At Risk
13543.0,634,2,1439.6099999999997,0,Lost / Hibernating
17460.0,94,16,2228.27,2,Champions
14070.0,684,1,326.54999999999995,3,At Risk
12468.0,187,5,3670.7400000000007,0,Lost / Hibernating
13459.0,624,2,1160.4099999999996,0,Lost / Hibernating
14551.0,18,7,880.04,2,Champions
16430.0,57,6,1102.94,2,Champions
13048.0,14,9,4084.21,2,Champions
16320.0,172,6,5628.99,2,Champions
16390.0,536,3,467.5,0,Lost / Hibernating
15013.0,487,10,1641.2999999999995,0,Lost / Hibernating
13897.0,50,3,1160.7199999999998,4,New / Promising
13478.0,469,5,2215.7800000000007,0,Lost / Hibernating
14821.0,366,7,1286.45,0,Lost / Hibernating
15279.0,354,5,1580.54,0,Lost / Hibernating
13553.0,674,1,517.7999999999998,3,At Risk
13107.0,44,9,5253.070000000001,2,Champions
16412.0,53,5,647.2299999999999,4,New / Promising
13009.0,672,1,234.0,3,At Risk
16714.0,317,3,1514.7999999999993,0,Lost / Hibernating
17550.0,197,9,2547.6400000000003,0,Lost / Hibernating
13497.0,282,6,1320.3300000000004,0,Lost / Hibernating
17319.0,669,1,29.1,3,At Risk
12663.0,624,2,239.4,3,At Risk
12776.0,667,1,55.5,3,At Risk
12976.0,211,8,3156.38,0,Lost / Hibernating
15561.0,11,8,1934.3900000000003,2,Champions
14970.0,68,12,4919.35,2,Champions
17644.0,1,20,6028.6,1,Loyal Customers
14495.0,50,3,174.79999999999998,4,New / Promising
12993.0,23,8,1259.63,2,Champions
15306.0,64,9,3484.7300000000005,2,Champions
15774.0,68,6,1328.69,2,Champions
12727.0,10,10,5679.530000000002,2,Champions
15241.0,66,11,3050.16,2,Champions
15955.0,24,22,8658.360000000002,1,Loyal Customers
16631.0,481,7,1892.52,0,Lost / Hibernating
17760.0,21,6,918.93,4,New / Promising
15664.0,50,4,1231.53,4,New / Promising
13018.0,16,35,9763.160000000002,1,Loyal Customers
16521.0,415,3,1144.260000000001,0,Lost / Hibernating
15603.0,78,2,88.48,3,At Risk
14157.0,19,5,1002.78,4,New / Promising
16096.0,264,4,1584.9700000000005,0,Lost / Hibernating
17718.0,232,2,439.1799999999999,3,At Risk
14233.0,49,7,2904.27,2,Champions
17542.0,269,3,341.69999999999993,3,At Risk
13627.0,59,7,2245.9,2,Champions
13316.0,37,10,13191.569999999998,2,Champions
13573.0,50,6,915.02,2,Champions
15946.0,502,3,2304.1800000000003,0,Lost / Hibernating
14496.0,311,7,2668.2299999999996,0,Lost / Hibernating
17568.0,633,1,382.7899999999998,3,At Risk
16917.0,276,2,1857.8300000000004,0,Lost / Hibernating
16977.0,395,4,496.0,0,Lost / Hibernating
16108.0,84,4,2235.9199999999996,0,Lost / Hibernating
14316.0,422,5,1370.34,0,Lost / Hibernating
13896.0,625,1,388.55,3,At Risk
12742.0,625,1,1201.52,0,Lost / Hibernating
16741.0,625,1,173.06,3,At Risk
13849.0,51,5,3469.2999999999997,2,Champions
16090.0,624,1,205.91,3,At Risk
14253.0,493,2,363.4,3,At Risk
17924.0,11,8,3536.7,2,Champions
17334.0,302,3,635.1500000000001,0,Lost / Hibernating
17109.0,29,8,1295.46,2,Champions
14868.0,3,12,4184.01,1,Loyal Customers
14712.0,29,4,1328.0700000000002,4,New / Promising
12376.0,389,2,503.15,3,At Risk
12476.0,15,23,14115.41,1,Loyal Customers
17967.0,371,2,357.29,3,At Risk
17205.0,53,3,999.35,4,New / Promising
16201.0,3,5,2112.12,2,Champions
13703.0,318,2,425.56,3,At Risk
14866.0,10,18,20840.220000000005,1,Loyal Customers
13106.0,133,2,603.46,0,Lost / Hibernating
14728.0,413,1,190.57999999999996,3,At Risk
13165.0,46,3,1451.16,4,New / Promising
17407.0,411,1,552.8999999999999,3,At Risk
16726.0,26,7,2088.4100000000003,2,Champions
14197.0,410,1,390.05,3,At Risk
16241.0,9,16,4326.26,1,Loyal Customers
17450.0,8,51,246973.08999999997,1,Loyal Customers
16034.0,196,6,928.72,0,Lost / Hibernating
15773.0,5,2,774.5200000000001,4,New / Promising
15536.0,409,1,259.09000000000003,3,At Risk
13617.0,40,8,1278.75,2,Champions
13362.0,9,7,5394.07,2,Champions
12412.0,74,6,2596.93,2,Champions
13080.0,179,4,280.73,0,Lost / Hibernating
17702.0,30,6,3144.04,2,Champions
13903.0,400,1,165.45000000000002,3,At Risk
16048.0,373,4,1075.2299999999996,0,Lost / Hibernating
16889.0,194,6,2530.9,0,Lost / Hibernating
14203.0,397,1,339.34,3,At Risk
13138.0,22,7,1467.24,2,Champions
17274.0,35,2,577.3800000000001,4,New / Promising
16740.0,395,1,236.81,3,At Risk
15131.0,394,1,80.28000000000002,3,At Risk
15028.0,8,6,1157.7099999999998,2,Champions
15276.0,66,4,649.5299999999997,4,New / Promising
17862.0,323,4,1279.09,0,Lost / Hibernating
18054.0,392,1,176.5,3,At Risk
18007.0,392,1,220.32,3,At Risk
15021.0,8,12,2783.8299999999995,2,Champions
15708.0,40,9,4378.72,2,Champions
14224.0,110,9,1897.8999999999996,2,Champions
13094.0,21,13,2433.12,2,Champions
17284.0,60,7,2563.7,2,Champions
16961.0,116,3,794.5599999999998,0,Lost / Hibernating
12847.0,22,2,1636.8999999999996,4,New / Promising
13512.0,260,4,713.3899999999999,0,Lost / Hibernating
13864.0,386,1,662.4000000000001,3,At Risk
13665.0,386,3,1711.66,0,Lost / Hibernating
13970.0,386,2,846.55,0,Lost / Hibernating
16812.0,360,4,2392.0000000000005,0,Lost / Hibernating
15509.0,380,1,166.50999999999996,3,At Risk
14443.0,53,5,2386.4700000000003,2,Champions
14934.0,81,5,3503.500000000001,2,Champions
13254.0,376,1,51.41,3,At Risk
17814.0,375,2,1617.3199999999997,0,Lost / Hibernating
16122.0,73,6,1001.34,0,Lost / Hibernating
13450.0,26,13,4120.04,2,Champions
17812.0,12,7,1165.89,2,Champions
14491.0,175,2,468.13,3,At Risk
17567.0,7,9,5356.030000000002,2,Champions
18113.0,368,1,152.64,3,At Risk
16654.0,141,8,1711.47,0,Lost / Hibernating
18269.0,366,1,337.2,3,At Risk
15101.0,8,6,1477.94,2,Champions
17634.0,36,9,2361.9700000000007,2,Champions
12489.0,336,1,334.92999999999995,3,At Risk
17555.0,19,5,1057.7399999999998,4,New / Promising
18032.0,334,1,73.5,3,At Risk
14587.0,18,9,1601.1400000000008,2,Champions
17431.0,313,1,403.30000000000007,3,At Risk
17463.0,16,7,2557.9099999999994,2,Champions
13606.0,29,3,280.53999999999996,4,New / Promising
12929.0,311,1,117.85,3,At Risk
18017.0,81,4,688.0,0,Lost / Hibernating
12561.0,302,1,238.85,3,At Risk
16431.0,213,3,642.81,0,Lost / Hibernating
14959.0,64,4,695.4200000000001,4,New / Promising
15228.0,66,6,5580.27,2,Champions
12707.0,291,1,603.42,3,At Risk
15146.0,164,2,1327.1600000000003,0,Lost / Hibernating
15974.0,39,7,3442.15,2,Champions
17830.0,1,3,398.7000000000001,4,New / Promising
14231.0,183,4,1235.62,0,Lost / Hibernating
13675.0,151,2,486.82,0,Lost / Hibernating
16427.0,263,2,241.06,3,At Risk
15319.0,283,1,204.5,3,At Risk
15087.0,281,1,306.94,3,At Risk
17856.0,1,4,1418.0300000000002,4,New / Promising
15053.0,4,3,697.79,4,New / Promising
15234.0,276,1,197.0,3,At Risk
16495.0,3,3,684.4099999999999,4,New / Promising
16625.0,274,5,1654.0300000000002,0,Lost / Hibernating
13956.0,5,5,1026.4199999999998,4,New / Promising
12901.0,8,28,17654.54,1,Loyal Customers
15381.0,213,5,1890.57,0,Lost / Hibernating
15408.0,264,1,267.17999999999995,3,At Risk
14267.0,162,3,1516.2400000000002,0,Lost / Hibernating
15178.0,260,1,40.5,3,At Risk
17212.0,253,3,794.4100000000001,0,Lost / Hibernating
14719.0,1,5,1602.1299999999997,4,New / Promising
14246.0,110,3,1474.0600000000002,0,Lost / Hibernating
17054.0,28,5,1356.33,2,Champions
13232.0,12,7,1357.0000000000002,2,Champions
15214.0,1,8,1661.44,2,Champions
15813.0,207,2,1303.91,0,Lost / Hibernating
14163.0,87,5,2594.6200000000003,2,Champions
18213.0,236,1,232.48,3,At Risk
13389.0,11,3,797.96,4,New / Promising
17527.0,53,4,939.37,4,New / Promising
14697.0,218,2,188.60999999999996,3,At Risk
12821.0,214,2,220.8,3,At Risk
17658.0,25,2,595.42,4,New / Promising
16076.0,3,10,2234.73,2,Champions
13972.0,70,2,190.25000000000003,3,At Risk
15292.0,201,1,180.93999999999997,3,At Risk
16483.0,192,1,139.35000000000002,3,At Risk
18204.0,71,3,1993.7,0,Lost / Hibernating
16529.0,190,4,2012.0000000000005,0,Lost / Hibernating
16682.0,4,5,1027.9999999999998,4,New / Promising
16872.0,77,6,1213.13,0,Lost / Hibernating
15252.0,36,5,2103.4100000000003,2,Champions
16581.0,182,1,105.84,3,At Risk
16276.0,176,3,2629.3900000000003,0,Lost / Hibernating
13791.0,127,2,1516.0,0,Lost / Hibernating
17750.0,5,9,1781.2800000000009,2,Champions
12922.0,161,1,405.38,3,At Risk
14034.0,22,3,651.8199999999999,4,New / Promising
15505.0,52,5,3610.960000000001,2,Champions
12438.0,14,2,2906.85,4,New / Promising
14937.0,56,3,1621.88,0,Lost / Hibernating
15254.0,127,3,1088.35,0,Lost / Hibernating
12610.0,22,5,2099.54,2,Champions
14406.0,119,1,156.75,3,At Risk
16734.0,52,3,650.51,4,New / Promising
12962.0,7,2,266.39000000000004,4,New / Promising
16093.0,106,1,17.0,3,At Risk
17451.0,1,7,1721.3999999999996,2,Champions
16360.0,4,6,3512.5300000000007,2,Champions
17347.0,86,1,228.96,3,At Risk
14356.0,79,2,701.23,4,New / Promising
16527.0,81,2,1272.44,0,Lost / Hibernating
17415.0,79,1,507.8399999999999,4,New / Promising
15399.0,1,3,815.77,4,New / Promising
17498.0,75,1,272.21999999999997,3,At Risk
14757.0,75,1,420.5,4,New / Promising
15568.0,2,3,758.29,4,New / Promising
14109.0,72,1,144.2,3,At Risk
16930.0,26,3,380.5500000000001,4,New / Promising
15088.0,21,2,1160.07,4,New / Promising
13351.0,66,1,373.94,4,New / Promising
12723.0,3,5,725.07,4,New / Promising
15264.0,64,2,848.4000000000001,4,New / Promising
16454.0,64,2,7.45,3,At Risk
13260.0,61,1,557.6200000000001,4,New / Promising
16179.0,60,1,215.83,3,At Risk
16982.0,60,1,384.06,4,New / Promising
12602.0,58,1,153.12000000000003,3,At Risk
17986.0,56,1,20.8,3,At Risk
16243.0,33,2,409.0999999999999,4,New / Promising
17354.0,50,4,3143.4600000000023,2,Champions
12646.0,4,2,1346.9699999999998,4,New / Promising
16015.0,3,3,705.1000000000001,4,New / Promising
12398.0,45,1,1635.66,4,New / Promising
16513.0,4,4,874.5900000000001,4,New / Promising
15977.0,17,2,1054.7299999999996,4,New / Promising
15156.0,1,3,961.49,4,New / Promising
15526.0,33,2,148.44,4,New / Promising
17831.0,33,1,35.400000000000006,3,At Risk
14968.0,30,2,501.24,4,New / Promising
15450.0,30,1,429.84,4,New / Promising
17052.0,28,1,413.75000000000006,4,New / Promising
15556.0,24,1,279.77,4,New / Promising
15657.0,22,1,30.0,4,New / Promising
15435.0,22,1,149.29000000000005,4,New / Promising
15857.0,18,2,570.48,4,New / Promising
16956.0,17,1,308.74,4,New / Promising
17600.0,17,1,161.67000000000002,4,New / Promising
17297.0,17,1,131.78000000000006,4,New / Promising
12660.0,11,1,245.1,4,New / Promising
12953.0,9,2,828.81,4,New / Promising
17911.0,9,1,366.23,4,New / Promising
17559.0,512,1,167.62,3,At Risk
14797.0,507,1,300.31,3,At Risk
16165.0,505,1,79.9,3,At Risk
18244.0,430,2,568.64,0,Lost / Hibernating
13346.0,462,6,299.4,0,Lost / Hibernating
15200.0,494,1,549.0499999999998,3,At Risk
15387.0,492,1,468.6499999999998,3,At Risk
17471.0,474,1,321.65,3,At Risk
16819.0,465,2,182.59,3,At Risk
13076.0,457,1,135.4,3,At Risk
15627.0,457,2,566.9,3,At Risk
12806.0,435,3,2858.959999999999,0,Lost / Hibernating
16312.0,432,1,171.14999999999998,3,At Risk
17104.0,423,1,474.03,3,At Risk
15242.0,422,1,302.04,3,At Risk
15735.0,421,1,327.67999999999995,3,At Risk
16991.0,421,1,1041.2099999999996,0,Lost / Hibernating
16576.0,420,2,540.87,3,At Risk
13071.0,612,1,129.22,3,At Risk
16941.0,611,1,33.0,3,At Risk
12496.0,620,2,54.09,3,At Risk
14677.0,592,1,184.90999999999997,3,At Risk
18254.0,581,1,267.9,3,At Risk
16922.0,572,1,611.0800000000008,3,At Risk
14394.0,564,1,93.8,3,At Risk
16896.0,555,1,103.95000000000002,3,At Risk
17915.0,551,1,242.12999999999997,3,At Risk
12469.0,522,2,3070.539999999998,0,Lost / Hibernating
15056.0,520,1,133.45,3,At Risk
